-- 报表目录
DELETE FROM dsy_t_query_file WHERE GUID = '7B2B263AA7624C86992EA189808B9FDB';
insert into dsy_t_query_file (GUID, NAME, FULL_NAME, LEVELNO, PARENT_ID)
values ('7B2B263AA7624C86992EA189808B9FDB', '87_财政部', '/07_个性定制/87_财政部', 2, 'D3B50709A87B4EFEB28174F5BEA68080');
--新增债券项目需求表
DELETE FROM DSY_T_QUERY WHERE Q_ID = 'DEBT_BDJH_XZZQ_YBXM';
insert into DSY_T_QUERY (Q_ID, Q_CODE, Q_TITLE, Q_TABLE, Q_SQL, MONEY_UNIT, Q_IS_RIGHT, Q_IS_PAGE, Q_IS_SUM, Q_IS_OPENRUN, Q_IS_BUTTON, Q_REMARK, CREATE_USER, CREATE_DATE, L_OP_DATE, Q_IS_TITLE, PARENT_ID, CSS_URL, JS_URL, PRINT_CONFIG, COLUMN_CONFIG, RIGHT_LEVEL, EXPORT_LEVEL, TABLES_ID, SORT_INDEX, TABLES_SHEET_NAME)
values ('DEBT_BDJH_XZZQ_YBXM', null, '地方政府新增一般债券需求项目表', 'SELECT SJAD.CODE PROVINCE_CODE,
       SJAD.NAME PROVINCE_NAME,
       BILL.BILL_ID,
       BILL.BILL_YEAR,
       BILL.BATCH_NO,
       FXPC.NAME BATCH_NAME,
       AD.NAME AD_NAME,
       XM.AD_CODE,
       XM.XM_ID,
       AG.NAME AG_NAME,
       XM.XM_NAME,
       CONCAT(XMLX.CODE,XMLX.NAME) XMLX_NAME,
       CYLX.NAME CYLX_NAME,
       ZJYT.NAME XMXZ_NAME,
       XMJSZT.NAME JSZT_NAME,
       XM.LX_YEAR,
       TZJH.JSNX,
       XM.START_DATE_ACTUAL,
       XM.END_DATE_ACTUAL,
       XM.USE_UNIT_ID,
       XM.BILL_PERSON,
       XM.BILL_PHONE,
       BMFL.CODE || BMFL.NAME ZGBM_NAME,
       XM.XM_CODE,
       XM.FGW_XMK_CODE,
       NVL(XM.XMZGS_AMT, 0) XMZGS_AMT,
       CASE XM.BCXX1 WHEN 0 THEN ''否'' ELSE ''是'' END SF_LXSP,
       CASE XM.BCXX2 WHEN 0 THEN ''否'' ELSE ''是'' END SF_HPGZ,
       CASE XM.BCXX3 WHEN 0 THEN ''否'' ELSE ''是'' END SF_APGZ,
       CASE XM.BCXX4 WHEN 0 THEN ''否'' ELSE ''是'' END SF_ZTBGZ,
       CASE XM.BCXX5 WHEN 0 THEN ''否'' ELSE ''是'' END SF_ZDCQ,
       CASE XM.BCXX6 WHEN 0 THEN ''否'' ELSE ''是'' END SF_SWGZL,
       CASE XM.BCXX7 WHEN 0 THEN ''否'' ELSE ''是'' END SF_TZZC,
       SPYJ.NAME LXSPYJ_NAME,
       SPJC.NAME SPJC_NAME,
       CASE WHEN XM.UPPER_XM_ID IS NULL OR SJXM.LEVELNO = 1 THEN ''否'' ELSE ''是'' END AS IS_SJXM,
       CASE WHEN XM.UPPER_XM_ID IS NULL OR SJXM.LEVELNO = 1 THEN '''' ELSE SJXM.NAME END AS SJXM_NAME,
       CASE XM.BCXX8 WHEN 1 THEN ''一级'' WHEN 2 THEN ''二级'' WHEN 3 THEN ''三级'' WHEN 4 THEN ''四级'' ELSE ''五级'' END YXDJ,
       NVL(TZJH.HJ_PLAN_AMT, 0) HJ_PLAN_AMT,
       NVL(TZJH.CZYS_PLAN_AMT, 0) CZYS_PLAN_AMT,
       NVL(TZJH.ZWZJ_PLAN_AMT, 0) ZWZJ_PLAN_AMT,
       NVL(TZJH.CZYS_ACTUAL_AMT, 0) + NVL(XM_YRZ.ZWZJ_ACTUAL_AMT,0) HJ_ACTUAL_AMT,
       NVL(TZJH.CZYS_ACTUAL_AMT, 0) CZYS_ACTUAL_AMT,
       NVL(XM_YRZ.ZWZJ_ACTUAL_AMT,0) ZWZJ_ACTUAL_AMT,
       NVL(TZJH.BNHJ_PLAN_AMT, 0) BNHJ_PLAN_AMT,
       NVL(TZJH.BNCZYS_PLAN_AMT, 0) BNCZYS_PLAN_AMT,
       NVL(TZJH.BNZWZJ_PLAN_AMT, 0) BNZWZJ_PLAN_AMT,
       NVL(BILL.APPLY_AMOUNT, 0) APPLY_AMOUNT,
       ZQQX.NAME ZQQX_NAME,
       XM.REMARK REMARK,
       '''' CZB_STATUS,
       '''' FGW_STATUS,
       '''' CHECK_DATE,
       '''' CHECK_REMARK
  FROM (SELECT ZQ.ID BILL_ID,ZQ.BILL_YEAR,ZQ.BATCH_NO,ZQ.AD_CODE,ZQ.XM_ID,ZQ.ZQQX_ID,SUM(APPLY_AMOUNT1) APPLY_AMOUNT
          FROM DEBT_T_ZQGL_BILL ZQ
         WHERE IS_FXJH = ''0''
           AND BUSI_TYPE = ''0''
           AND JHGL_END = ''1''
           AND BOND_TYPE_ID LIKE  ''01%''
           AND SBZT <> ''0''
           AND BILL_YEAR = ''${SET_YEAR}''
           AND IS_VALID = ''1''
        ${IF(LEN(SBPC) == 0,
                   "",
                   " AND SBBATCH_NO IN (''" + REPLACE(SBPC, ",", "'',''") + "'')") }
         '||TO_CLOB('GROUP BY ZQ.ID,ZQ.BILL_YEAR,ZQ.BATCH_NO,ZQ.AD_CODE,ZQ.XM_ID,ZQ.ZQQX_ID ORDER BY ZQ.AD_CODE) BILL
  LEFT JOIN DEBT_T_PROJECT_INFO XM
    ON BILL.XM_ID = XM.XM_ID
  LEFT JOIN DSY_V_ELE_AD SJAD ON SJAD.LEVELNO = ''2''
  LEFT JOIN DSY_V_ELE_AD AD
    ON XM.AD_CODE = AD.CODE
  LEFT JOIN DSY_V_ELE_AG AG
    ON XM.AG_ID = AG.GUID
  LEFT JOIN DSY_V_ELE_BMFL BMFL
    ON AG.BMFL = BMFL.GUID
  LEFT JOIN DSY_V_ELE_XMJSZT XMJSZT
    ON XM.BUILD_STATUS_ID = XMJSZT.GUID
  LEFT JOIN DSY_V_ELE_ZWXMLX XMLX
    ON XM.XMLX_ID = XMLX.GUID
  LEFT JOIN DSY_V_ELE_ZJYT ZJYT
    ON XM.XMXZ_ID = ZJYT.GUID
  LEFT JOIN DSY_V_ELE_XMJSZT JSZT
    ON XM.BUILD_STATUS_ID = JSZT.GUID
  LEFT JOIN DSY_V_ELE_XMSPYJ SPYJ
    ON XM.LXSPYJ_ID = SPYJ.GUID
  LEFT JOIN DSY_V_ELE_XMSPJC SPJC
    ON XM.SP_LEVEL_ID = SPJC.GUID
  LEFT JOIN DSY_V_ELE_BDBCYLX CYLX
    ON CYLX.GUID = XM.CYLX_ID
  LEFT JOIN DSY_V_ELE_ZQQX ZQQX ON BILL.ZQQX_ID = ZQQX.GUID
  LEFT JOIN DSY_V_ELE_FXPC FXPC ON BILL.BATCH_NO = FXPC.GUID
  LEFT JOIN (SELECT T.XM_ID,MAX(ND)-MIN(ND) JSNX,
             SUM(T.SJBZ_PLAN_AMT + T.CZYS_PLAN_AMT + T.RZZJ_PLAN_AMT) HJ_PLAN_AMT,
             SUM(T.SJBZ_PLAN_AMT + T.CZYS_PLAN_AMT) CZYS_PLAN_AMT,
             SUM(T.RZZJ_PLAN_AMT) ZWZJ_PLAN_AMT,
             SUM(T.SJBZ_ACTUAL_AMT + T.CZYS_ACTUAL_AMT) CZYS_ACTUAL_AMT,
             SUM(CASE WHEN T.ND = ''${SET_YEAR}'' THEN T.SJBZ_PLAN_AMT + T.CZYS_PLAN_AMT + T.RZZJ_PLAN_AMT ELSE 0 END) BNHJ_PLAN_AMT,
             SUM(CASE WHEN T.ND = ''${SET_YEAR}'' THEN T.SJBZ_PLAN_AMT + T.CZYS_PLAN_AMT ELSE 0 END) BNCZYS_PLAN_AMT,
             SUM(CASE WHEN T.ND = ''${SET_YEAR}'' THEN T.RZZJ_PLAN_AMT ELSE 0 END) BNZWZJ_PLAN_AMT
        FROM DEBT_T_ZQGL_XM_PLAN T
       GROUP BY T.XM_ID) TZJH ON XM.XM_ID = TZJH.XM_ID
  LEFT JOIN (SELECT XM_ID, SUM(ZWZJ_AMT) ZWZJ_ACTUAL_AMT
               FROM (SELECT ZCXX.XM_ID, ZCXX.PAY_AMT ZWZJ_AMT
                       FROM DEBT_T_ZQGL_ZCXX ZCXX
                      WHERE ZCXX.ZC_TYPE = ''0''
                     UNION ALL
                     SELECT ZWXX.XM_ID, CHBJ.CHBJ_AMT ZWZJ_AMT
                       FROM DEBT_T_ZWGL_CHBJ CHBJ
                       LEFT JOIN DEBT_T_ZWGL_ZWXX ZWXX
                         ON ZWXX.ZW_ID = CHBJ.ZW_ID
                      WHERE CHBJ.ZJLY_ID LIKE ''03%'')
              GROUP BY XM_ID) XM_YRZ
    ON XM.XM_ID = XM_YRZ.XM_ID
  LEFT JOIN DSY_V_ELE_SJXM SJXM
    ON SJXM.GUID = (CASE
         WHEN INSTR(XM.UPPER_XM_ID, '' '', 1, 1) > 0 THEN
          SUBSTR(XM.UPPER_XM_ID, 1, INSTR(XM.UPPER_XM_ID, '' '', 1, 1) - 1)
         ELSE
          XM.UPPER_XM_ID
       END)'), null, 10000, 1, 1, 1, 1, 1, null, '21admin', '2020-08-28 16:11:35', '2020-08-29 16:58:37', 1, '7B2B263AA7624C86992EA189808B9FDB', null, '/page/plat/query/template/js/reportRownumber.js', null, null, 1, 2, 'DEBT_BDJH_XZZQ_XQXM', 1, '地方政府新增一般债券需求项目表');
DELETE FROM DSY_T_QUERY WHERE Q_ID = 'DEBT_BDJH_XZZQ_ZXXM';
insert into DSY_T_QUERY (Q_ID, Q_CODE, Q_TITLE, Q_TABLE, Q_SQL, MONEY_UNIT, Q_IS_RIGHT, Q_IS_PAGE, Q_IS_SUM, Q_IS_OPENRUN, Q_IS_BUTTON, Q_REMARK, CREATE_USER, CREATE_DATE, L_OP_DATE, Q_IS_TITLE, PARENT_ID, CSS_URL, JS_URL, PRINT_CONFIG, COLUMN_CONFIG, RIGHT_LEVEL, EXPORT_LEVEL, TABLES_ID, SORT_INDEX, TABLES_SHEET_NAME)
values ('DEBT_BDJH_XZZQ_ZXXM', null, '地方政府新增专项债券需求项目表', 'SELECT SJAD.CODE PROVINCE_CODE,
       SJAD.NAME PROVINCE_NAME,
       BILL.BILL_ID,
       BILL.BILL_YEAR,
       BILL.BATCH_NO,
       FXPC.NAME BATCH_NAME,
       AD.NAME AD_NAME,
       XM.AD_CODE,
       XM.XM_ID,
       AG.NAME AG_NAME,
       XM.XM_NAME,
       CONCAT(XMLX.CODE,XMLX.NAME) XMLX_NAME,
       CYLX.NAME CYLX_NAME,
       ZJYT.NAME XMXZ_NAME,
       XMJSZT.NAME JSZT_NAME,
       XM.LX_YEAR,
       TZJH.JSNX,
       XM.START_DATE_ACTUAL,
       XM.END_DATE_ACTUAL,
       XM.USE_UNIT_ID,
       XM.BILL_PERSON,
       XM.BILL_PHONE,
       BMFL.CODE || BMFL.NAME ZGBM_NAME,
       XM.XM_CODE,
       XM.FGW_XMK_CODE,
       NVL(XM.XMZGS_AMT, 0) XMZGS_AMT,
       CASE XM.BCXX1 WHEN 0 THEN ''否'' ELSE ''是'' END SF_LXSP,
       CASE XM.BCXX2 WHEN 0 THEN ''否'' ELSE ''是'' END SF_HPGZ,
       CASE XM.BCXX3 WHEN 0 THEN ''否'' ELSE ''是'' END SF_APGZ,
       CASE XM.BCXX4 WHEN 0 THEN ''否'' ELSE ''是'' END SF_ZTBGZ,
       CASE XM.BCXX5 WHEN 0 THEN ''否'' ELSE ''是'' END SF_ZDCQ,
       CASE XM.BCXX6 WHEN 0 THEN ''否'' ELSE ''是'' END SF_SWGZL,
       CASE XM.BCXX7 WHEN 0 THEN ''否'' ELSE ''是'' END SF_TZZC,
       SPYJ.NAME LXSPYJ_NAME,
       SPJC.NAME SPJC_NAME,
       CASE WHEN XM.UPPER_XM_ID IS NULL OR SJXM.LEVELNO = 1 THEN ''否'' ELSE ''是'' END AS IS_SJXM,
       CASE WHEN XM.UPPER_XM_ID IS NULL OR SJXM.LEVELNO = 1 THEN '''' ELSE SJXM.NAME END AS SJXM_NAME,
       CASE XM.BCXX8 WHEN 1 THEN ''一级'' WHEN 2 THEN ''二级'' WHEN 3 THEN ''三级'' WHEN 4 THEN ''四级'' ELSE ''五级'' END YXDJ,
       NVL(TZJH.HJ_PLAN_AMT, 0) HJ_PLAN_AMT,
       NVL(TZJH.CZYS_PLAN_AMT, 0) CZYS_PLAN_AMT,
       NVL(TZJH.ZWZJ_PLAN_AMT, 0) ZWZJ_PLAN_AMT,
       NVL(TZJH.CZYS_ACTUAL_AMT, 0) + NVL(XM_YRZ.ZWZJ_ACTUAL_AMT,0) HJ_ACTUAL_AMT,
       NVL(TZJH.CZYS_ACTUAL_AMT, 0) CZYS_ACTUAL_AMT,
       NVL(XM_YRZ.ZWZJ_ACTUAL_AMT,0) ZWZJ_ACTUAL_AMT,
       NVL(TZJH.BNHJ_PLAN_AMT, 0) BNHJ_PLAN_AMT,
       NVL(TZJH.BNCZYS_PLAN_AMT, 0) BNCZYS_PLAN_AMT,
       NVL(TZJH.BNZWZJ_PLAN_AMT, 0) BNZWZJ_PLAN_AMT,
       NVL(BILL.APPLY_AMOUNT, 0) APPLY_AMOUNT,
       NVL(BILL.ZBJ_AMT,0) ZBJ_AMT,
       ZQQX.NAME ZQQX_NAME,
       NVL(XMSY.XMZSY, 0) XMZSY，
       NVL(XMSY.XMZSY, 0) ZFXJJ_AMT,
       0 XMZXSR_AMT,
       NVL(XM_ZCXX.ZCYZ_AMT, 0) ZCYZ_AMT,
       NVL(XM_ZCXX.ZCJZ_AMT, 0) ZCJZ_AMT,
       NVL(XM_ZCXX.LJSY_AMT, 0) LJSY_AMT,
       NVL(XM_ZCXX.CZSR_AMT, 0) CZSR_AMT,
       NVL(XM_ZCXX.DYDB_AMT, 0) DYDB_AMT,
       XM_ZCXX.REMARK REMARK1,
       XM.REMARK REMARK2,
       '''' CZB_STATUS,
       '''' FGW_STATUS,
       '''' CHECK_DATE,
       '''' CHECK_REMARK
  FROM (SELECT ZQ.ID BILL_ID,ZQ.BILL_YEAR,ZQ.BATCH_NO,ZQ.AD_CODE,ZQ.XM_ID,ZQ.ZQQX_ID,SUM(APPLY_AMOUNT1) APPLY_AMOUNT,SUM(NVL(ZQ.ZBJ_AMT,0)) ZBJ_AMT
          FROM DEBT_T_ZQGL_BILL ZQ
         WHERE IS_FXJH = ''0''
           AND BUSI_TYPE = ''0''
           AND JHGL_END = ''1''
           AND BOND_TYPE_ID LIKE  ''02%''
           AND SBZT <> ''0''
           AND BILL_YEAR = ''${SET_YEAR}''
           AND IS_VALID = ''1''
         '||TO_CLOB('GROUP BY ZQ.ID,ZQ.BILL_YEAR,ZQ.BATCH_NO,ZQ.AD_CODE,ZQ.XM_ID,ZQ.ZQQX_ID) BILL
  LEFT JOIN DEBT_T_PROJECT_INFO XM
    ON BILL.XM_ID = XM.XM_ID
  LEFT JOIN DSY_V_ELE_AD SJAD ON SJAD.LEVELNO = ''2''
  LEFT JOIN DSY_V_ELE_AD AD
    ON XM.AD_CODE = AD.CODE
  LEFT JOIN DSY_V_ELE_AG AG
    ON XM.AG_ID = AG.GUID
  LEFT JOIN DSY_V_ELE_BMFL BMFL
    ON AG.BMFL = BMFL.GUID
  LEFT JOIN DSY_V_ELE_XMJSZT XMJSZT
    ON XM.BUILD_STATUS_ID = XMJSZT.GUID
  LEFT JOIN DSY_V_ELE_ZWXMLX XMLX
    ON XM.XMLX_ID = XMLX.GUID
  LEFT JOIN DSY_V_ELE_ZJYT ZJYT
    ON XM.XMXZ_ID = ZJYT.GUID
  LEFT JOIN DSY_V_ELE_XMJSZT JSZT
    ON XM.BUILD_STATUS_ID = JSZT.GUID
  LEFT JOIN DSY_V_ELE_XMSPYJ SPYJ
    ON XM.LXSPYJ_ID = SPYJ.GUID
  LEFT JOIN DSY_V_ELE_XMSPJC SPJC
    ON XM.SP_LEVEL_ID = SPJC.GUID
  LEFT JOIN DSY_V_ELE_BDBCYLX CYLX
    ON CYLX.GUID = XM.CYLX_ID
  LEFT JOIN DSY_V_ELE_ZQQX ZQQX ON BILL.ZQQX_ID = ZQQX.GUID
  LEFT JOIN DSY_V_ELE_FXPC FXPC ON BILL.BATCH_NO = FXPC.GUID
  LEFT JOIN (SELECT T.XM_ID,MAX(ND)-MIN(ND) JSNX,
             SUM(T.SJBZ_PLAN_AMT + T.CZYS_PLAN_AMT + T.RZZJ_PLAN_AMT) HJ_PLAN_AMT,
             SUM(T.SJBZ_PLAN_AMT + T.CZYS_PLAN_AMT) CZYS_PLAN_AMT,
             SUM(T.RZZJ_PLAN_AMT) ZWZJ_PLAN_AMT,
             SUM(T.SJBZ_ACTUAL_AMT + T.CZYS_ACTUAL_AMT) CZYS_ACTUAL_AMT,
             SUM(CASE WHEN T.ND = ''${SET_YEAR}'' THEN T.SJBZ_PLAN_AMT + T.CZYS_PLAN_AMT + T.RZZJ_PLAN_AMT ELSE 0 END) BNHJ_PLAN_AMT,
             SUM(CASE WHEN T.ND = ''${SET_YEAR}'' THEN T.SJBZ_PLAN_AMT + T.CZYS_PLAN_AMT ELSE 0 END) BNCZYS_PLAN_AMT,
             SUM(CASE WHEN T.ND = ''${SET_YEAR}'' THEN T.RZZJ_PLAN_AMT ELSE 0 END) BNZWZJ_PLAN_AMT
        FROM DEBT_T_ZQGL_XM_PLAN T
       GROUP BY T.XM_ID) TZJH ON XM.XM_ID = TZJH.XM_ID
  LEFT JOIN (SELECT XM_ID, SUM(ZWZJ_AMT) ZWZJ_ACTUAL_AMT
               FROM (SELECT ZCXX.XM_ID, ZCXX.PAY_AMT ZWZJ_AMT
                       FROM DEBT_T_ZQGL_ZCXX ZCXX
                      WHERE ZCXX.ZC_TYPE = ''0''
                     UNION ALL
                     SELECT ZWXX.XM_ID, CHBJ.CHBJ_AMT ZWZJ_AMT
                       FROM DEBT_T_ZWGL_CHBJ CHBJ
                       LEFT JOIN DEBT_T_ZWGL_ZWXX ZWXX
                         ON ZWXX.ZW_ID = CHBJ.ZW_ID
                      WHERE CHBJ.ZJLY_ID LIKE ''03%'')
              GROUP BY XM_ID) XM_YRZ
    ON XM.XM_ID = XM_YRZ.XM_ID
  LEFT JOIN (SELECT SUM(XMSR.ZFXJJ_AMT + XMSR.CZBZ_AMT + XMSR.QT_AMT +
                        XMSR.WNRYS_AMT) XMZSY,
                    XMSR.XM_ID
               FROM DEBT_T_ZQGL_XM_INCOME XMSR
              WHERE XMSR.INCOME_YEAR = ''${SET_YEAR}''
              GROUP BY XMSR.XM_ID) XMSY
    ON XM.XM_ID = XMSY.XM_ID
  LEFT JOIN (SELECT XMZC.XM_ID,
                    SUM(XMZC_DTL.ZCJZ_AMT) ZCJZ_AMT,
                    SUM(XMZC_DTL.ZJYZ_AMT) ZCYZ_AMT,
                    SUM(XMZC_DTL.LJSY_AMT) LJSY_AMT,
                    SUM(XMZC_DTL.CZSR_AMT) CZSR_AMT,
                    SUM(XMZC_DTL.DYDB_AMT) DYDB_AMT,
                    XMZC.REMARK
               FROM DEBT_T_ZCGL_XMZC_DTL XMZC_DTL
               LEFT JOIN DEBT_T_ZCGL_XMZC XMZC
                 ON XMZC_DTL.XMZC_ID = XMZC.XMZC_ID
               LEFT JOIN DEBT_T_ZCGL_XMZC_HZ ZCHZ
                 ON ZCHZ.HZD_TYPE = 0
                AND ZCHZ.HZD_ID = XMZC.DWHZ_ID
               LEFT JOIN DSY_V_ELE_SBQJ SBQJ
                 ON SBQJ.GUID = ZCHZ.SBQJ_ID
              WHERE SBQJ.YEAR = ''${SET_YEAR}'' - 1
              GROUP BY XMZC.XM_ID, XMZC.REMARK) XM_ZCXX
    ON XM.XM_ID = XM_ZCXX.XM_ID
  LEFT JOIN DSY_V_ELE_SJXM SJXM
    ON SJXM.GUID = (CASE
         WHEN INSTR(XM.UPPER_XM_ID, '' '', 1, 1) > 0 THEN
          SUBSTR(XM.UPPER_XM_ID, 1, INSTR(XM.UPPER_XM_ID, '' '', 1, 1) - 1)
         ELSE
          XM.UPPER_XM_ID
       END)
 ORDER BY XM.AD_CODE'), null, 10000, 1, 1, 1, 1, 1, null, '21admin', '2020-08-28 16:31:15', '2020-08-29 16:57:08', 1, '7B2B263AA7624C86992EA189808B9FDB', null, '/page/plat/query/template/js/reportRownumber.js', null, null, 1, 2, 'DEBT_BDJH_XZZQ_XQXM', 2, '地方政府新增专项债券需求项目表');
-- 条件
DELETE FROM DSY_T_QUERY_CONDITION WHERE Q_ID = 'DEBT_BDJH_XZZQ_XQXM';
insert into DSY_T_QUERY_CONDITION (C_ID, Q_ID, C_CODE, C_FIELD_CODE, C_TITLE, C_DISP_MODE, IS_MUST_INPUT, IS_RIGHT, C_DATA_MODEL, C_DATA_SOURCE, C_DATA_VALUE, C_DATATYPE, QUERY_RELATION, SORT_INDEX, C_WIDTH, C_LABEL_WIDTH, C_TIPS, C_SRC_ID, CREATE_DATE, LAST_OP_DATE, IS_MUL, IS_SHOW, IS_LEAF, IS_ROOT_SHOW)
values ('13C3AA9614894FC8A7FC1E33A07AEDE6', 'DEBT_BDJH_XZZQ_XQXM', 'SBPC', 'BATCH_NO', '申报批次', 'treecombobox', 0, 0, null, 'SELECT * FROM DSY_V_ELE_FXPC WHERE 1=1 AND STATUS = ''1'' AND EXTEND1 LIKE ''01%''  ${IF(LEN(SET_YEAR)==0,""," AND YEAR = ''"+SET_YEAR+"''")}', null, null, 'in', 2, null, null, null, null, '2020-08-28 16:49:05', '2020-08-28 16:49:05', 1, 1, 1, 0);
insert into DSY_T_QUERY_CONDITION (C_ID, Q_ID, C_CODE, C_FIELD_CODE, C_TITLE, C_DISP_MODE, IS_MUST_INPUT, IS_RIGHT, C_DATA_MODEL, C_DATA_SOURCE, C_DATA_VALUE, C_DATATYPE, QUERY_RELATION, SORT_INDEX, C_WIDTH, C_LABEL_WIDTH, C_TIPS, C_SRC_ID, CREATE_DATE, LAST_OP_DATE, IS_MUL, IS_SHOW, IS_LEAF, IS_ROOT_SHOW)
values ('cc12ca7ec1343d65f6a62f89d2c2ecdb', 'DEBT_BDJH_XZZQ_XQXM', 'SET_YEAR', null, '申报年度', 'combobox', 1, 0, null, 'DSY_V_ELE_ND', '2020', null, 'like', 1, null, null, null, null, '2020-08-28 16:49:05', '2020-08-28 16:49:05', 0, 1, 0, 0);
insert into DSY_T_QUERY_CONDITION (C_ID, Q_ID, C_CODE, C_FIELD_CODE, C_TITLE, C_DISP_MODE, IS_MUST_INPUT, IS_RIGHT, C_DATA_MODEL, C_DATA_SOURCE, C_DATA_VALUE, C_DATATYPE, QUERY_RELATION, SORT_INDEX, C_WIDTH, C_LABEL_WIDTH, C_TIPS, C_SRC_ID, CREATE_DATE, LAST_OP_DATE, IS_MUL, IS_SHOW, IS_LEAF, IS_ROOT_SHOW)
values ('D225945F3C1D4E5AA23F5F17B9DF65FA', 'DEBT_BDJH_XZZQ_XQXM', 'AD_CODE', 'AD_CODE', '区划', 'treecombobox', 0, 1, null, 'dsy_v_ele_admdiv', null, null, 'rlike', 3, null, null, null, null, '2020-08-28 16:49:05', '2020-08-28 16:49:05', 0, 1, 0, 1);
-- 字段
DELETE FROM dsy_t_query_field WHERE Q_ID = 'DEBT_BDJH_XZZQ_YBXM';
insert into dsy_t_query_field (F_ID, Q_ID, FIELD_CODE, FIELD_TITLE, FIELD_TYPE, FIELD_LEVEL, DATA_TYPE, DATA_URL, DATA_URL_FIELD, URL_TYPE, IS_SHOW, IS_URL_PARAM, IS_SUM, IS_NEWLINE, SORT_INDEX, FIELD_LENGTH, DATA_SORT, CREATE_USER, CREATE_DATE, L_OP_DATE, PARENT_ID, FIELD_FORMAT, IS_LOCK)
values ('66B9890F107E4C83B6C302410A7471F1', 'DEBT_BDJH_XZZQ_YBXM', 'PROVINCE_CODE', '省份编码', 'string', null, '0', null, null, 0, 1, 0, 0, 0, 1, 109, null, '21admin', '2020-08-29 16:58:37', '2020-08-29 16:58:37', null, null, 0);
insert into dsy_t_query_field (F_ID, Q_ID, FIELD_CODE, FIELD_TITLE, FIELD_TYPE, FIELD_LEVEL, DATA_TYPE, DATA_URL, DATA_URL_FIELD, URL_TYPE, IS_SHOW, IS_URL_PARAM, IS_SUM, IS_NEWLINE, SORT_INDEX, FIELD_LENGTH, DATA_SORT, CREATE_USER, CREATE_DATE, L_OP_DATE, PARENT_ID, FIELD_FORMAT, IS_LOCK)
values ('2D7A664E1A51499F8C802487FD3C441A', 'DEBT_BDJH_XZZQ_YBXM', 'PROVINCE_NAME', '省份', 'string', null, '0', null, null, 0, 1, 0, 0, 0, 2, 109, null, '21admin', '2020-08-29 16:58:37', '2020-08-29 16:58:37', null, null, 0);
insert into dsy_t_query_field (F_ID, Q_ID, FIELD_CODE, FIELD_TITLE, FIELD_TYPE, FIELD_LEVEL, DATA_TYPE, DATA_URL, DATA_URL_FIELD, URL_TYPE, IS_SHOW, IS_URL_PARAM, IS_SUM, IS_NEWLINE, SORT_INDEX, FIELD_LENGTH, DATA_SORT, CREATE_USER, CREATE_DATE, L_OP_DATE, PARENT_ID, FIELD_FORMAT, IS_LOCK)
values ('32EB2F9D158A451AA1704A801794C16D', 'DEBT_BDJH_XZZQ_YBXM', 'BILL_ID', '申报ID', 'string', null, '0', null, null, 0, 1, 0, 0, 0, 3, 109, null, '21admin', '2020-08-29 16:58:37', '2020-08-29 16:58:37', null, null, 0);
insert into dsy_t_query_field (F_ID, Q_ID, FIELD_CODE, FIELD_TITLE, FIELD_TYPE, FIELD_LEVEL, DATA_TYPE, DATA_URL, DATA_URL_FIELD, URL_TYPE, IS_SHOW, IS_URL_PARAM, IS_SUM, IS_NEWLINE, SORT_INDEX, FIELD_LENGTH, DATA_SORT, CREATE_USER, CREATE_DATE, L_OP_DATE, PARENT_ID, FIELD_FORMAT, IS_LOCK)
values ('2EC7CFFDF1B94C5AB3687CB18372AC70', 'DEBT_BDJH_XZZQ_YBXM', 'BILL_YEAR', '申报年度', 'string', null, '0', null, null, 0, 1, 0, 0, 0, 4, 109, null, '21admin', '2020-08-29 16:58:37', '2020-08-29 16:58:37', null, null, 0);
insert into dsy_t_query_field (F_ID, Q_ID, FIELD_CODE, FIELD_TITLE, FIELD_TYPE, FIELD_LEVEL, DATA_TYPE, DATA_URL, DATA_URL_FIELD, URL_TYPE, IS_SHOW, IS_URL_PARAM, IS_SUM, IS_NEWLINE, SORT_INDEX, FIELD_LENGTH, DATA_SORT, CREATE_USER, CREATE_DATE, L_OP_DATE, PARENT_ID, FIELD_FORMAT, IS_LOCK)
values ('3B26BFECA9C446D4BB0ED8AA018623A2', 'DEBT_BDJH_XZZQ_YBXM', 'BATCH_NO', '申报批次编码', 'string', null, '0', null, null, 0, 1, 0, 0, 0, 5, 109, null, '21admin', '2020-08-29 16:58:37', '2020-08-29 16:58:37', null, null, 0);
insert into dsy_t_query_field (F_ID, Q_ID, FIELD_CODE, FIELD_TITLE, FIELD_TYPE, FIELD_LEVEL, DATA_TYPE, DATA_URL, DATA_URL_FIELD, URL_TYPE, IS_SHOW, IS_URL_PARAM, IS_SUM, IS_NEWLINE, SORT_INDEX, FIELD_LENGTH, DATA_SORT, CREATE_USER, CREATE_DATE, L_OP_DATE, PARENT_ID, FIELD_FORMAT, IS_LOCK)
values ('1952A930642A4DC3A1B6560ABED46E47', 'DEBT_BDJH_XZZQ_YBXM', 'BATCH_NAME', '申报批次', 'string', null, '0', null, null, 0, 1, 0, 0, 0, 6, 109, null, '21admin', '2020-08-29 16:58:37', '2020-08-29 16:58:37', null, null, 0);
insert into dsy_t_query_field (F_ID, Q_ID, FIELD_CODE, FIELD_TITLE, FIELD_TYPE, FIELD_LEVEL, DATA_TYPE, DATA_URL, DATA_URL_FIELD, URL_TYPE, IS_SHOW, IS_URL_PARAM, IS_SUM, IS_NEWLINE, SORT_INDEX, FIELD_LENGTH, DATA_SORT, CREATE_USER, CREATE_DATE, L_OP_DATE, PARENT_ID, FIELD_FORMAT, IS_LOCK)
values ('C8183CCD056B4B479FEA294D30886EB8', 'DEBT_BDJH_XZZQ_YBXM', 'AD_NAME', '区划名称', 'string', null, '0', null, null, 0, 1, 0, 0, 0, 7, 200, null, '21admin', '2020-08-29 16:58:37', '2020-08-29 16:58:37', null, null, 0);
insert into dsy_t_query_field (F_ID, Q_ID, FIELD_CODE, FIELD_TITLE, FIELD_TYPE, FIELD_LEVEL, DATA_TYPE, DATA_URL, DATA_URL_FIELD, URL_TYPE, IS_SHOW, IS_URL_PARAM, IS_SUM, IS_NEWLINE, SORT_INDEX, FIELD_LENGTH, DATA_SORT, CREATE_USER, CREATE_DATE, L_OP_DATE, PARENT_ID, FIELD_FORMAT, IS_LOCK)
values ('89D8DC1669E04D4FB1A2E94BD5B63662', 'DEBT_BDJH_XZZQ_YBXM', 'AD_CODE', '区划编码', 'string', null, '0', null, null, 0, 1, 1, 0, 0, 8, 134, null, '21admin', '2020-08-29 16:58:37', '2020-08-29 16:58:37', null, null, 0);
insert into dsy_t_query_field (F_ID, Q_ID, FIELD_CODE, FIELD_TITLE, FIELD_TYPE, FIELD_LEVEL, DATA_TYPE, DATA_URL, DATA_URL_FIELD, URL_TYPE, IS_SHOW, IS_URL_PARAM, IS_SUM, IS_NEWLINE, SORT_INDEX, FIELD_LENGTH, DATA_SORT, CREATE_USER, CREATE_DATE, L_OP_DATE, PARENT_ID, FIELD_FORMAT, IS_LOCK)
values ('FB55CEB34ED9447BBA397E305CA14D6D', 'DEBT_BDJH_XZZQ_YBXM', 'XM_ID', '项目ID', 'string', null, '0', null, null, 0, 1, 1, 0, 0, 9, 109, null, '21admin', '2020-08-29 16:58:37', '2020-08-29 16:58:37', null, null, 0);
insert into dsy_t_query_field (F_ID, Q_ID, FIELD_CODE, FIELD_TITLE, FIELD_TYPE, FIELD_LEVEL, DATA_TYPE, DATA_URL, DATA_URL_FIELD, URL_TYPE, IS_SHOW, IS_URL_PARAM, IS_SUM, IS_NEWLINE, SORT_INDEX, FIELD_LENGTH, DATA_SORT, CREATE_USER, CREATE_DATE, L_OP_DATE, PARENT_ID, FIELD_FORMAT, IS_LOCK)
values ('F47C19CAD50C421BA7D7C25C02410869', 'DEBT_BDJH_XZZQ_YBXM', null, '一、项目基本情况', null, null, '0', null, null, 0, 1, 0, 0, 0, 10, 3041, null, '21admin', '2020-08-29 16:58:37', '2020-08-29 16:58:37', null, null, 0);
insert into dsy_t_query_field (F_ID, Q_ID, FIELD_CODE, FIELD_TITLE, FIELD_TYPE, FIELD_LEVEL, DATA_TYPE, DATA_URL, DATA_URL_FIELD, URL_TYPE, IS_SHOW, IS_URL_PARAM, IS_SUM, IS_NEWLINE, SORT_INDEX, FIELD_LENGTH, DATA_SORT, CREATE_USER, CREATE_DATE, L_OP_DATE, PARENT_ID, FIELD_FORMAT, IS_LOCK)
values ('EC927EC9EDEB497C8FC462FB73A0AB0B', 'DEBT_BDJH_XZZQ_YBXM', 'AG_NAME', '项目单位', 'string', null, '0', null, null, 0, 1, 0, 0, 0, 11, 224, null, '21admin', '2020-08-29 16:58:37', '2020-08-29 16:58:37', 'F47C19CAD50C421BA7D7C25C02410869', null, 0);
insert into dsy_t_query_field (F_ID, Q_ID, FIELD_CODE, FIELD_TITLE, FIELD_TYPE, FIELD_LEVEL, DATA_TYPE, DATA_URL, DATA_URL_FIELD, URL_TYPE, IS_SHOW, IS_URL_PARAM, IS_SUM, IS_NEWLINE, SORT_INDEX, FIELD_LENGTH, DATA_SORT, CREATE_USER, CREATE_DATE, L_OP_DATE, PARENT_ID, FIELD_FORMAT, IS_LOCK)
values ('B58D45A3B17B4514812A7F6EA80A96A3', 'DEBT_BDJH_XZZQ_YBXM', 'XM_NAME', '项目名称', 'string', null, '0', '/page/debt/jsxm/jsxmYhsMain.jsp', null, 0, 1, 0, 0, 0, 12, 224, null, '21admin', '2020-08-29 16:58:37', '2020-08-29 16:58:37', 'F47C19CAD50C421BA7D7C25C02410869', null, 0);
insert into dsy_t_query_field (F_ID, Q_ID, FIELD_CODE, FIELD_TITLE, FIELD_TYPE, FIELD_LEVEL, DATA_TYPE, DATA_URL, DATA_URL_FIELD, URL_TYPE, IS_SHOW, IS_URL_PARAM, IS_SUM, IS_NEWLINE, SORT_INDEX, FIELD_LENGTH, DATA_SORT, CREATE_USER, CREATE_DATE, L_OP_DATE, PARENT_ID, FIELD_FORMAT, IS_LOCK)
values ('323A2D6E2C654316AD7BA411E8D93BB6', 'DEBT_BDJH_XZZQ_YBXM', 'XMLX_NAME', '项目类型1', 'string', null, '0', null, null, 0, 1, 0, 0, 0, 13, 224, null, '21admin', '2020-08-29 16:58:37', '2020-08-29 16:58:37', 'F47C19CAD50C421BA7D7C25C02410869', null, 0);
insert into dsy_t_query_field (F_ID, Q_ID, FIELD_CODE, FIELD_TITLE, FIELD_TYPE, FIELD_LEVEL, DATA_TYPE, DATA_URL, DATA_URL_FIELD, URL_TYPE, IS_SHOW, IS_URL_PARAM, IS_SUM, IS_NEWLINE, SORT_INDEX, FIELD_LENGTH, DATA_SORT, CREATE_USER, CREATE_DATE, L_OP_DATE, PARENT_ID, FIELD_FORMAT, IS_LOCK)
values ('DD80CCF9D6A94179914DEED390420201', 'DEBT_BDJH_XZZQ_YBXM', 'CYLX_NAME', '项目类型2', 'string', null, '0', null, null, 0, 1, 0, 0, 0, 14, 224, null, '21admin', '2020-08-29 16:58:37', '2020-08-29 16:58:37', 'F47C19CAD50C421BA7D7C25C02410869', null, 0);
insert into dsy_t_query_field (F_ID, Q_ID, FIELD_CODE, FIELD_TITLE, FIELD_TYPE, FIELD_LEVEL, DATA_TYPE, DATA_URL, DATA_URL_FIELD, URL_TYPE, IS_SHOW, IS_URL_PARAM, IS_SUM, IS_NEWLINE, SORT_INDEX, FIELD_LENGTH, DATA_SORT, CREATE_USER, CREATE_DATE, L_OP_DATE, PARENT_ID, FIELD_FORMAT, IS_LOCK)
values ('70A26369E36B43519327614EA2E9091B', 'DEBT_BDJH_XZZQ_YBXM', 'XMXZ_NAME', '项目性质（无收益）', 'string', null, '0', null, null, 0, 1, 0, 0, 0, 15, 201, null, '21admin', '2020-08-29 16:58:37', '2020-08-29 16:58:37', 'F47C19CAD50C421BA7D7C25C02410869', null, 0);
insert into dsy_t_query_field (F_ID, Q_ID, FIELD_CODE, FIELD_TITLE, FIELD_TYPE, FIELD_LEVEL, DATA_TYPE, DATA_URL, DATA_URL_FIELD, URL_TYPE, IS_SHOW, IS_URL_PARAM, IS_SUM, IS_NEWLINE, SORT_INDEX, FIELD_LENGTH, DATA_SORT, CREATE_USER, CREATE_DATE, L_OP_DATE, PARENT_ID, FIELD_FORMAT, IS_LOCK)
values ('E886BEAC38E14483830915A79612323D', 'DEBT_BDJH_XZZQ_YBXM', 'JSZT_NAME', '建设状态（未开工/在建/竣工）', 'string', null, '0', null, null, 0, 1, 0, 0, 0, 16, 134, null, '21admin', '2020-08-29 16:58:37', '2020-08-29 16:58:37', 'F47C19CAD50C421BA7D7C25C02410869', null, 0);
insert into dsy_t_query_field (F_ID, Q_ID, FIELD_CODE, FIELD_TITLE, FIELD_TYPE, FIELD_LEVEL, DATA_TYPE, DATA_URL, DATA_URL_FIELD, URL_TYPE, IS_SHOW, IS_URL_PARAM, IS_SUM, IS_NEWLINE, SORT_INDEX, FIELD_LENGTH, DATA_SORT, CREATE_USER, CREATE_DATE, L_OP_DATE, PARENT_ID, FIELD_FORMAT, IS_LOCK)
values ('13510641A00D4AB68D707C2BC13B563C', 'DEBT_BDJH_XZZQ_YBXM', 'LX_YEAR', '立项年度', 'string', null, '0', null, null, 0, 1, 0, 0, 0, 17, 111, null, '21admin', '2020-08-29 16:58:37', '2020-08-29 16:58:37', 'F47C19CAD50C421BA7D7C25C02410869', null, 0);
insert into dsy_t_query_field (F_ID, Q_ID, FIELD_CODE, FIELD_TITLE, FIELD_TYPE, FIELD_LEVEL, DATA_TYPE, DATA_URL, DATA_URL_FIELD, URL_TYPE, IS_SHOW, IS_URL_PARAM, IS_SUM, IS_NEWLINE, SORT_INDEX, FIELD_LENGTH, DATA_SORT, CREATE_USER, CREATE_DATE, L_OP_DATE, PARENT_ID, FIELD_FORMAT, IS_LOCK)
values ('15730B9846C94D2F87B9E2B07D2AEB17', 'DEBT_BDJH_XZZQ_YBXM', 'JSNX', '建设期限 （年）', 'float', null, '1', null, null, 0, 1, 0, 0, 0, 18, 89, null, '21admin', '2020-08-29 16:58:37', '2020-08-29 16:58:37', 'F47C19CAD50C421BA7D7C25C02410869', null, 0);
insert into dsy_t_query_field (F_ID, Q_ID, FIELD_CODE, FIELD_TITLE, FIELD_TYPE, FIELD_LEVEL, DATA_TYPE, DATA_URL, DATA_URL_FIELD, URL_TYPE, IS_SHOW, IS_URL_PARAM, IS_SUM, IS_NEWLINE, SORT_INDEX, FIELD_LENGTH, DATA_SORT, CREATE_USER, CREATE_DATE, L_OP_DATE, PARENT_ID, FIELD_FORMAT, IS_LOCK)
values ('877D93661F5346C58A552179F8011287', 'DEBT_BDJH_XZZQ_YBXM', 'START_DATE_ACTUAL', '开工日期(年-月)', 'string', null, '0', null, null, 0, 1, 0, 0, 0, 19, 120, null, '21admin', '2020-08-29 16:58:37', '2020-08-29 16:58:37', 'F47C19CAD50C421BA7D7C25C02410869', null, 0);
insert into dsy_t_query_field (F_ID, Q_ID, FIELD_CODE, FIELD_TITLE, FIELD_TYPE, FIELD_LEVEL, DATA_TYPE, DATA_URL, DATA_URL_FIELD, URL_TYPE, IS_SHOW, IS_URL_PARAM, IS_SUM, IS_NEWLINE, SORT_INDEX, FIELD_LENGTH, DATA_SORT, CREATE_USER, CREATE_DATE, L_OP_DATE, PARENT_ID, FIELD_FORMAT, IS_LOCK)
values ('953BDB4672E04B359CB9D4869A363BB9', 'DEBT_BDJH_XZZQ_YBXM', 'END_DATE_ACTUAL', '竣工日期（年-月）', 'string', null, '0', null, null, 0, 1, 0, 0, 0, 20, 126, null, '21admin', '2020-08-29 16:58:37', '2020-08-29 16:58:37', 'F47C19CAD50C421BA7D7C25C02410869', null, 0);
insert into dsy_t_query_field (F_ID, Q_ID, FIELD_CODE, FIELD_TITLE, FIELD_TYPE, FIELD_LEVEL, DATA_TYPE, DATA_URL, DATA_URL_FIELD, URL_TYPE, IS_SHOW, IS_URL_PARAM, IS_SUM, IS_NEWLINE, SORT_INDEX, FIELD_LENGTH, DATA_SORT, CREATE_USER, CREATE_DATE, L_OP_DATE, PARENT_ID, FIELD_FORMAT, IS_LOCK)
values ('55FE64F48303461AA24858FA4B1F623F', 'DEBT_BDJH_XZZQ_YBXM', 'USE_UNIT_ID', '管理使用单位全称', 'string', null, '0', null, null, 0, 1, 0, 0, 0, 21, 201, null, '21admin', '2020-08-29 16:58:37', '2020-08-29 16:58:37', 'F47C19CAD50C421BA7D7C25C02410869', null, 0);
insert into dsy_t_query_field (F_ID, Q_ID, FIELD_CODE, FIELD_TITLE, FIELD_TYPE, FIELD_LEVEL, DATA_TYPE, DATA_URL, DATA_URL_FIELD, URL_TYPE, IS_SHOW, IS_URL_PARAM, IS_SUM, IS_NEWLINE, SORT_INDEX, FIELD_LENGTH, DATA_SORT, CREATE_USER, CREATE_DATE, L_OP_DATE, PARENT_ID, FIELD_FORMAT, IS_LOCK)
values ('DF6184B3455D4452A113BB9A3876B471', 'DEBT_BDJH_XZZQ_YBXM', 'BILL_PERSON', '单位项目负责人', 'string', null, '0', null, null, 0, 1, 0, 0, 0, 22, 134, null, '21admin', '2020-08-29 16:58:37', '2020-08-29 16:58:37', 'F47C19CAD50C421BA7D7C25C02410869', null, 0);
insert into dsy_t_query_field (F_ID, Q_ID, FIELD_CODE, FIELD_TITLE, FIELD_TYPE, FIELD_LEVEL, DATA_TYPE, DATA_URL, DATA_URL_FIELD, URL_TYPE, IS_SHOW, IS_URL_PARAM, IS_SUM, IS_NEWLINE, SORT_INDEX, FIELD_LENGTH, DATA_SORT, CREATE_USER, CREATE_DATE, L_OP_DATE, PARENT_ID, FIELD_FORMAT, IS_LOCK)
values ('71D46FDFD3AE48A6BA294CED022A9B5E', 'DEBT_BDJH_XZZQ_YBXM', 'BILL_PHONE', '负责人联系电话', 'string', null, '0', null, null, 0, 1, 0, 0, 0, 23, 201, null, '21admin', '2020-08-29 16:58:37', '2020-08-29 16:58:37', 'F47C19CAD50C421BA7D7C25C02410869', null, 0);
insert into dsy_t_query_field (F_ID, Q_ID, FIELD_CODE, FIELD_TITLE, FIELD_TYPE, FIELD_LEVEL, DATA_TYPE, DATA_URL, DATA_URL_FIELD, URL_TYPE, IS_SHOW, IS_URL_PARAM, IS_SUM, IS_NEWLINE, SORT_INDEX, FIELD_LENGTH, DATA_SORT, CREATE_USER, CREATE_DATE, L_OP_DATE, PARENT_ID, FIELD_FORMAT, IS_LOCK)
values ('D5C809C6D2A542A89F1F237AF6A87313', 'DEBT_BDJH_XZZQ_YBXM', 'ZGBM_NAME', '主管部门', 'string', null, '0', null, null, 0, 1, 0, 0, 0, 24, 201, null, '21admin', '2020-08-29 16:58:37', '2020-08-29 16:58:37', 'F47C19CAD50C421BA7D7C25C02410869', null, 0);
insert into dsy_t_query_field (F_ID, Q_ID, FIELD_CODE, FIELD_TITLE, FIELD_TYPE, FIELD_LEVEL, DATA_TYPE, DATA_URL, DATA_URL_FIELD, URL_TYPE, IS_SHOW, IS_URL_PARAM, IS_SUM, IS_NEWLINE, SORT_INDEX, FIELD_LENGTH, DATA_SORT, CREATE_USER, CREATE_DATE, L_OP_DATE, PARENT_ID, FIELD_FORMAT, IS_LOCK)
values ('4A8D67E7DE6A47FB8E05DB16D2DF5B91', 'DEBT_BDJH_XZZQ_YBXM', 'XM_CODE', '地方政府性债务管理系统中项目编码', 'string', null, '0', null, null, 0, 1, 0, 0, 0, 25, 224, null, '21admin', '2020-08-29 16:58:37', '2020-08-29 16:58:37', 'F47C19CAD50C421BA7D7C25C02410869', null, 0);
insert into dsy_t_query_field (F_ID, Q_ID, FIELD_CODE, FIELD_TITLE, FIELD_TYPE, FIELD_LEVEL, DATA_TYPE, DATA_URL, DATA_URL_FIELD, URL_TYPE, IS_SHOW, IS_URL_PARAM, IS_SUM, IS_NEWLINE, SORT_INDEX, FIELD_LENGTH, DATA_SORT, CREATE_USER, CREATE_DATE, L_OP_DATE, PARENT_ID, FIELD_FORMAT, IS_LOCK)
values ('56725AE6F8EE4C7799F167AAC9191ABF', 'DEBT_BDJH_XZZQ_YBXM', 'FGW_XMK_CODE', '发展改革委项目政府投资项目编码', 'string', null, '0', null, null, 0, 1, 0, 0, 0, 26, 224, null, '21admin', '2020-08-29 16:58:37', '2020-08-29 16:58:37', 'F47C19CAD50C421BA7D7C25C02410869', null, 0);
insert into dsy_t_query_field (F_ID, Q_ID, FIELD_CODE, FIELD_TITLE, FIELD_TYPE, FIELD_LEVEL, DATA_TYPE, DATA_URL, DATA_URL_FIELD, URL_TYPE, IS_SHOW, IS_URL_PARAM, IS_SUM, IS_NEWLINE, SORT_INDEX, FIELD_LENGTH, DATA_SORT, CREATE_USER, CREATE_DATE, L_OP_DATE, PARENT_ID, FIELD_FORMAT, IS_LOCK)
values ('B1A89CB7B7C1454A87A3136F70FAF36A', 'DEBT_BDJH_XZZQ_YBXM', 'XMZGS_AMT', '项目总概算', 'float', null, '1', null, null, 0, 1, 0, 1, 0, 27, 179, null, '21admin', '2020-08-29 16:58:37', '2020-08-29 16:58:37', 'F47C19CAD50C421BA7D7C25C02410869', null, 0);
insert into dsy_t_query_field (F_ID, Q_ID, FIELD_CODE, FIELD_TITLE, FIELD_TYPE, FIELD_LEVEL, DATA_TYPE, DATA_URL, DATA_URL_FIELD, URL_TYPE, IS_SHOW, IS_URL_PARAM, IS_SUM, IS_NEWLINE, SORT_INDEX, FIELD_LENGTH, DATA_SORT, CREATE_USER, CREATE_DATE, L_OP_DATE, PARENT_ID, FIELD_FORMAT, IS_LOCK)
values ('732E86C35DB94E849C9CAC4027228472', 'DEBT_BDJH_XZZQ_YBXM', null, '二、项目合规性及前期准备情况', null, null, '0', null, null, 0, 1, 0, 0, 0, 11, 1289, null, '21admin', '2020-08-29 16:58:37', '2020-08-29 16:58:37', null, null, 0);
insert into dsy_t_query_field (F_ID, Q_ID, FIELD_CODE, FIELD_TITLE, FIELD_TYPE, FIELD_LEVEL, DATA_TYPE, DATA_URL, DATA_URL_FIELD, URL_TYPE, IS_SHOW, IS_URL_PARAM, IS_SUM, IS_NEWLINE, SORT_INDEX, FIELD_LENGTH, DATA_SORT, CREATE_USER, CREATE_DATE, L_OP_DATE, PARENT_ID, FIELD_FORMAT, IS_LOCK)
values ('1B9C3D86D8784C758364D3E043F4FCF5', 'DEBT_BDJH_XZZQ_YBXM', null, '项目前期工作准备情况', null, null, '0', null, null, 0, 1, 0, 0, 0, 12, 899, null, '21admin', '2020-08-29 16:58:37', '2020-08-29 16:58:37', '732E86C35DB94E849C9CAC4027228472', null, 0);
insert into dsy_t_query_field (F_ID, Q_ID, FIELD_CODE, FIELD_TITLE, FIELD_TYPE, FIELD_LEVEL, DATA_TYPE, DATA_URL, DATA_URL_FIELD, URL_TYPE, IS_SHOW, IS_URL_PARAM, IS_SUM, IS_NEWLINE, SORT_INDEX, FIELD_LENGTH, DATA_SORT, CREATE_USER, CREATE_DATE, L_OP_DATE, PARENT_ID, FIELD_FORMAT, IS_LOCK)
values ('0BABF584C72A48C9B9980040267C7060', 'DEBT_BDJH_XZZQ_YBXM', 'SF_LXSP', '是否已经主管部门立项审批', 'string', null, '0', null, null, 0, 1, 0, 0, 0, 13, 188, null, '21admin', '2020-08-29 16:58:37', '2020-08-29 16:58:37', '1B9C3D86D8784C758364D3E043F4FCF5', null, 0);
insert into dsy_t_query_field (F_ID, Q_ID, FIELD_CODE, FIELD_TITLE, FIELD_TYPE, FIELD_LEVEL, DATA_TYPE, DATA_URL, DATA_URL_FIELD, URL_TYPE, IS_SHOW, IS_URL_PARAM, IS_SUM, IS_NEWLINE, SORT_INDEX, FIELD_LENGTH, DATA_SORT, CREATE_USER, CREATE_DATE, L_OP_DATE, PARENT_ID, FIELD_FORMAT, IS_LOCK)
values ('6BC3C9DA2957459C85458D440444EB4C', 'DEBT_BDJH_XZZQ_YBXM', 'SF_HPGZ', '是否已完成环评工作', 'string', null, '0', null, null, 0, 1, 0, 0, 0, 14, 224, null, '21admin', '2020-08-29 16:58:37', '2020-08-29 16:58:37', '1B9C3D86D8784C758364D3E043F4FCF5', null, 0);
insert into dsy_t_query_field (F_ID, Q_ID, FIELD_CODE, FIELD_TITLE, FIELD_TYPE, FIELD_LEVEL, DATA_TYPE, DATA_URL, DATA_URL_FIELD, URL_TYPE, IS_SHOW, IS_URL_PARAM, IS_SUM, IS_NEWLINE, SORT_INDEX, FIELD_LENGTH, DATA_SORT, CREATE_USER, CREATE_DATE, L_OP_DATE, PARENT_ID, FIELD_FORMAT, IS_LOCK)
values ('D9E0013F8D504C5AB4372F7BAD43F029', 'DEBT_BDJH_XZZQ_YBXM', 'SF_APGZ', '是否已完成安评工作', 'string', null, '0', null, null, 0, 1, 0, 0, 0, 15, 154, null, '21admin', '2020-08-29 16:58:37', '2020-08-29 16:58:37', '1B9C3D86D8784C758364D3E043F4FCF5', null, 0);
insert into dsy_t_query_field (F_ID, Q_ID, FIELD_CODE, FIELD_TITLE, FIELD_TYPE, FIELD_LEVEL, DATA_TYPE, DATA_URL, DATA_URL_FIELD, URL_TYPE, IS_SHOW, IS_URL_PARAM, IS_SUM, IS_NEWLINE, SORT_INDEX, FIELD_LENGTH, DATA_SORT, CREATE_USER, CREATE_DATE, L_OP_DATE, PARENT_ID, FIELD_FORMAT, IS_LOCK)
values ('5E40D5D24C604316B8B218719B646076', 'DEBT_BDJH_XZZQ_YBXM', 'SF_ZTBGZ', '是否已完成招投标工作', 'string', null, '0', null, null, 0, 1, 0, 0, 0, 16, 179, null, '21admin', '2020-08-29 16:58:37', '2020-08-29 16:58:37', '1B9C3D86D8784C758364D3E043F4FCF5', null, 0);
insert into dsy_t_query_field (F_ID, Q_ID, FIELD_CODE, FIELD_TITLE, FIELD_TYPE, FIELD_LEVEL, DATA_TYPE, DATA_URL, DATA_URL_FIELD, URL_TYPE, IS_SHOW, IS_URL_PARAM, IS_SUM, IS_NEWLINE, SORT_INDEX, FIELD_LENGTH, DATA_SORT, CREATE_USER, CREATE_DATE, L_OP_DATE, PARENT_ID, FIELD_FORMAT, IS_LOCK)
values ('0AE3EB5C07284EB6BFCCB7F3E5164FAF', 'DEBT_BDJH_XZZQ_YBXM', 'SF_ZDCQ', '是否已完成相关征地拆迁等相关工作', 'string', null, '0', null, null, 0, 1, 0, 0, 0, 17, 154, null, '21admin', '2020-08-29 16:58:37', '2020-08-29 16:58:37', '1B9C3D86D8784C758364D3E043F4FCF5', null, 0);
insert into dsy_t_query_field (F_ID, Q_ID, FIELD_CODE, FIELD_TITLE, FIELD_TYPE, FIELD_LEVEL, DATA_TYPE, DATA_URL, DATA_URL_FIELD, URL_TYPE, IS_SHOW, IS_URL_PARAM, IS_SUM, IS_NEWLINE, SORT_INDEX, FIELD_LENGTH, DATA_SORT, CREATE_USER, CREATE_DATE, L_OP_DATE, PARENT_ID, FIELD_FORMAT, IS_LOCK)
values ('95DC51421DA34B49A300B5FF164C8200', 'DEBT_BDJH_XZZQ_YBXM', 'SF_SWGZL', '能否形成实物工作量', 'string', null, '0', null, null, 0, 1, 0, 0, 0, 13, 188, null, '21admin', '2020-08-29 16:58:37', '2020-08-29 16:58:37', '732E86C35DB94E849C9CAC4027228472', null, 0);
insert into dsy_t_query_field (F_ID, Q_ID, FIELD_CODE, FIELD_TITLE, FIELD_TYPE, FIELD_LEVEL, DATA_TYPE, DATA_URL, DATA_URL_FIELD, URL_TYPE, IS_SHOW, IS_URL_PARAM, IS_SUM, IS_NEWLINE, SORT_INDEX, FIELD_LENGTH, DATA_SORT, CREATE_USER, CREATE_DATE, L_OP_DATE, PARENT_ID, FIELD_FORMAT, IS_LOCK)
values ('09950EBDAA394168B56AD04625308AB4', 'DEBT_BDJH_XZZQ_YBXM', 'SF_TZZC', '能否形成有效投资支出', 'string', null, '0', null, null, 0, 1, 0, 0, 0, 14, 202, null, '21admin', '2020-08-29 16:58:37', '2020-08-29 16:58:37', '732E86C35DB94E849C9CAC4027228472', null, 0);
insert into dsy_t_query_field (F_ID, Q_ID, FIELD_CODE, FIELD_TITLE, FIELD_TYPE, FIELD_LEVEL, DATA_TYPE, DATA_URL, DATA_URL_FIELD, URL_TYPE, IS_SHOW, IS_URL_PARAM, IS_SUM, IS_NEWLINE, SORT_INDEX, FIELD_LENGTH, DATA_SORT, CREATE_USER, CREATE_DATE, L_OP_DATE, PARENT_ID, FIELD_FORMAT, IS_LOCK)
values ('3BF8AE85D19A4EA7B620F2BAF7DF0969', 'DEBT_BDJH_XZZQ_YBXM', null, '三、项目重要性评估', null, null, '0', null, null, 0, 1, 0, 0, 0, 12, 971, null, '21admin', '2020-08-29 16:58:37', '2020-08-29 16:58:37', null, null, 0);
insert into dsy_t_query_field (F_ID, Q_ID, FIELD_CODE, FIELD_TITLE, FIELD_TYPE, FIELD_LEVEL, DATA_TYPE, DATA_URL, DATA_URL_FIELD, URL_TYPE, IS_SHOW, IS_URL_PARAM, IS_SUM, IS_NEWLINE, SORT_INDEX, FIELD_LENGTH, DATA_SORT, CREATE_USER, CREATE_DATE, L_OP_DATE, PARENT_ID, FIELD_FORMAT, IS_LOCK)
values ('B1AAC385AEC146EF98E77831D2D5791F', 'DEBT_BDJH_XZZQ_YBXM', 'LXSPYJ_NAME', '立项审批依据', 'string', null, '0', null, null, 0, 1, 0, 0, 0, 13, 179, null, '21admin', '2020-08-29 16:58:37', '2020-08-29 16:58:37', '3BF8AE85D19A4EA7B620F2BAF7DF0969', null, 0);
insert into dsy_t_query_field (F_ID, Q_ID, FIELD_CODE, FIELD_TITLE, FIELD_TYPE, FIELD_LEVEL, DATA_TYPE, DATA_URL, DATA_URL_FIELD, URL_TYPE, IS_SHOW, IS_URL_PARAM, IS_SUM, IS_NEWLINE, SORT_INDEX, FIELD_LENGTH, DATA_SORT, CREATE_USER, CREATE_DATE, L_OP_DATE, PARENT_ID, FIELD_FORMAT, IS_LOCK)
values ('D50077BAF9774952822F870F6360FBBA', 'DEBT_BDJH_XZZQ_YBXM', 'SPJC_NAME', '立项审批级次', 'string', null, '0', null, null, 0, 1, 0, 0, 0, 14, 179, null, '21admin', '2020-08-29 16:58:37', '2020-08-29 16:58:37', '3BF8AE85D19A4EA7B620F2BAF7DF0969', null, 0);
insert into dsy_t_query_field (F_ID, Q_ID, FIELD_CODE, FIELD_TITLE, FIELD_TYPE, FIELD_LEVEL, DATA_TYPE, DATA_URL, DATA_URL_FIELD, URL_TYPE, IS_SHOW, IS_URL_PARAM, IS_SUM, IS_NEWLINE, SORT_INDEX, FIELD_LENGTH, DATA_SORT, CREATE_USER, CREATE_DATE, L_OP_DATE, PARENT_ID, FIELD_FORMAT, IS_LOCK)
values ('E7CB78A2678E442BB88C02DF5BF092AE', 'DEBT_BDJH_XZZQ_YBXM', 'IS_SJXM', '是否纳入党中央、国务院批准的重大规划范围', 'string', null, '0', null, null, 0, 1, 0, 0, 0, 15, 188, null, '21admin', '2020-08-29 16:58:37', '2020-08-29 16:58:37', '3BF8AE85D19A4EA7B620F2BAF7DF0969', null, 0);
insert into dsy_t_query_field (F_ID, Q_ID, FIELD_CODE, FIELD_TITLE, FIELD_TYPE, FIELD_LEVEL, DATA_TYPE, DATA_URL, DATA_URL_FIELD, URL_TYPE, IS_SHOW, IS_URL_PARAM, IS_SUM, IS_NEWLINE, SORT_INDEX, FIELD_LENGTH, DATA_SORT, CREATE_USER, CREATE_DATE, L_OP_DATE, PARENT_ID, FIELD_FORMAT, IS_LOCK)
values ('99371D57599B400A8A32E15EB2DDD309', 'DEBT_BDJH_XZZQ_YBXM', 'SJXM_NAME', '纳入党中央、国务院批准的重大规划名称', 'string', null, '0', null, null, 0, 1, 0, 0, 0, 16, 224, null, '21admin', '2020-08-29 16:58:37', '2020-08-29 16:58:37', '3BF8AE85D19A4EA7B620F2BAF7DF0969', null, 0);
insert into dsy_t_query_field (F_ID, Q_ID, FIELD_CODE, FIELD_TITLE, FIELD_TYPE, FIELD_LEVEL, DATA_TYPE, DATA_URL, DATA_URL_FIELD, URL_TYPE, IS_SHOW, IS_URL_PARAM, IS_SUM, IS_NEWLINE, SORT_INDEX, FIELD_LENGTH, DATA_SORT, CREATE_USER, CREATE_DATE, L_OP_DATE, PARENT_ID, FIELD_FORMAT, IS_LOCK)
values ('20EEE964E9E54F92B2F4B454D0081598', 'DEBT_BDJH_XZZQ_YBXM', 'YXDJ', '项目优先等级（一级优先等级最高）', 'string', null, '0', null, null, 0, 1, 0, 0, 0, 17, 201, null, '21admin', '2020-08-29 16:58:37', '2020-08-29 16:58:37', '3BF8AE85D19A4EA7B620F2BAF7DF0969', null, 0);
insert into dsy_t_query_field (F_ID, Q_ID, FIELD_CODE, FIELD_TITLE, FIELD_TYPE, FIELD_LEVEL, DATA_TYPE, DATA_URL, DATA_URL_FIELD, URL_TYPE, IS_SHOW, IS_URL_PARAM, IS_SUM, IS_NEWLINE, SORT_INDEX, FIELD_LENGTH, DATA_SORT, CREATE_USER, CREATE_DATE, L_OP_DATE, PARENT_ID, FIELD_FORMAT, IS_LOCK)
values ('8A8A53C003344C0F9C069D62E11EB461', 'DEBT_BDJH_XZZQ_YBXM', null, '四、项目投资情况', null, null, '0', null, null, 0, 1, 0, 0, 0, 13, 2078, null, '21admin', '2020-08-29 16:58:37', '2020-08-29 16:58:37', null, null, 0);
insert into dsy_t_query_field (F_ID, Q_ID, FIELD_CODE, FIELD_TITLE, FIELD_TYPE, FIELD_LEVEL, DATA_TYPE, DATA_URL, DATA_URL_FIELD, URL_TYPE, IS_SHOW, IS_URL_PARAM, IS_SUM, IS_NEWLINE, SORT_INDEX, FIELD_LENGTH, DATA_SORT, CREATE_USER, CREATE_DATE, L_OP_DATE, PARENT_ID, FIELD_FORMAT, IS_LOCK)
values ('84C71467E79943E7AF76C766CB0A82C8', 'DEBT_BDJH_XZZQ_YBXM', null, '一、政府投资规模', null, null, '0', null, null, 0, 1, 0, 0, 0, 14, 545, null, '21admin', '2020-08-29 16:58:37', '2020-08-29 16:58:37', '8A8A53C003344C0F9C069D62E11EB461', null, 0);
insert into dsy_t_query_field (F_ID, Q_ID, FIELD_CODE, FIELD_TITLE, FIELD_TYPE, FIELD_LEVEL, DATA_TYPE, DATA_URL, DATA_URL_FIELD, URL_TYPE, IS_SHOW, IS_URL_PARAM, IS_SUM, IS_NEWLINE, SORT_INDEX, FIELD_LENGTH, DATA_SORT, CREATE_USER, CREATE_DATE, L_OP_DATE, PARENT_ID, FIELD_FORMAT, IS_LOCK)
values ('38A7518B99594EDC92471D7FFBAD8815', 'DEBT_BDJH_XZZQ_YBXM', 'HJ_PLAN_AMT', '合计', 'float', null, '1', null, null, 0, 1, 0, 1, 0, 15, 155, null, '21admin', '2020-08-29 16:58:37', '2020-08-29 16:58:37', '84C71467E79943E7AF76C766CB0A82C8', null, 0);
insert into dsy_t_query_field (F_ID, Q_ID, FIELD_CODE, FIELD_TITLE, FIELD_TYPE, FIELD_LEVEL, DATA_TYPE, DATA_URL, DATA_URL_FIELD, URL_TYPE, IS_SHOW, IS_URL_PARAM, IS_SUM, IS_NEWLINE, SORT_INDEX, FIELD_LENGTH, DATA_SORT, CREATE_USER, CREATE_DATE, L_OP_DATE, PARENT_ID, FIELD_FORMAT, IS_LOCK)
values ('12F49E60CFE246E49F14901785E4BC64', 'DEBT_BDJH_XZZQ_YBXM', 'CZYS_PLAN_AMT', '财政资金投资（含预算内基建投资，不含政府债务资金）', 'float', null, '1', null, null, 0, 1, 0, 1, 0, 16, 188, null, '21admin', '2020-08-29 16:58:37', '2020-08-29 16:58:37', '84C71467E79943E7AF76C766CB0A82C8', null, 0);
insert into dsy_t_query_field (F_ID, Q_ID, FIELD_CODE, FIELD_TITLE, FIELD_TYPE, FIELD_LEVEL, DATA_TYPE, DATA_URL, DATA_URL_FIELD, URL_TYPE, IS_SHOW, IS_URL_PARAM, IS_SUM, IS_NEWLINE, SORT_INDEX, FIELD_LENGTH, DATA_SORT, CREATE_USER, CREATE_DATE, L_OP_DATE, PARENT_ID, FIELD_FORMAT, IS_LOCK)
values ('28FEF319FABA443C9C07577E79CADE32', 'DEBT_BDJH_XZZQ_YBXM', 'ZWZJ_PLAN_AMT', '政府债务资金', 'float', null, '1', null, null, 0, 1, 0, 1, 0, 17, 202, null, '21admin', '2020-08-29 16:58:37', '2020-08-29 16:58:37', '84C71467E79943E7AF76C766CB0A82C8', null, 0);
insert into dsy_t_query_field (F_ID, Q_ID, FIELD_CODE, FIELD_TITLE, FIELD_TYPE, FIELD_LEVEL, DATA_TYPE, DATA_URL, DATA_URL_FIELD, URL_TYPE, IS_SHOW, IS_URL_PARAM, IS_SUM, IS_NEWLINE, SORT_INDEX, FIELD_LENGTH, DATA_SORT, CREATE_USER, CREATE_DATE, L_OP_DATE, PARENT_ID, FIELD_FORMAT, IS_LOCK)
values ('5A5B64C570E542B8A79EE54A55A745F0', 'DEBT_BDJH_XZZQ_YBXM', null, '二、已投资规模', null, null, '0', null, null, 0, 1, 0, 0, 0, 15, 545, null, '21admin', '2020-08-29 16:58:37', '2020-08-29 16:58:37', '8A8A53C003344C0F9C069D62E11EB461', null, 0);
insert into dsy_t_query_field (F_ID, Q_ID, FIELD_CODE, FIELD_TITLE, FIELD_TYPE, FIELD_LEVEL, DATA_TYPE, DATA_URL, DATA_URL_FIELD, URL_TYPE, IS_SHOW, IS_URL_PARAM, IS_SUM, IS_NEWLINE, SORT_INDEX, FIELD_LENGTH, DATA_SORT, CREATE_USER, CREATE_DATE, L_OP_DATE, PARENT_ID, FIELD_FORMAT, IS_LOCK)
values ('DAA285083B4940E4B00F2E2AE8E08220', 'DEBT_BDJH_XZZQ_YBXM', 'HJ_ACTUAL_AMT', '合计', 'float', null, '1', null, null, 0, 1, 0, 1, 0, 16, 155, null, '21admin', '2020-08-29 16:58:37', '2020-08-29 16:58:37', '5A5B64C570E542B8A79EE54A55A745F0', null, 0);
insert into dsy_t_query_field (F_ID, Q_ID, FIELD_CODE, FIELD_TITLE, FIELD_TYPE, FIELD_LEVEL, DATA_TYPE, DATA_URL, DATA_URL_FIELD, URL_TYPE, IS_SHOW, IS_URL_PARAM, IS_SUM, IS_NEWLINE, SORT_INDEX, FIELD_LENGTH, DATA_SORT, CREATE_USER, CREATE_DATE, L_OP_DATE, PARENT_ID, FIELD_FORMAT, IS_LOCK)
values ('B4FFB8D276094DC09E3E6535E34EB631', 'DEBT_BDJH_XZZQ_YBXM', 'CZYS_ACTUAL_AMT', '财政资金投资（含预算内基建投资，不含政府债务资金）', 'float', null, '1', null, null, 0, 1, 0, 1, 0, 17, 188, null, '21admin', '2020-08-29 16:58:37', '2020-08-29 16:58:37', '5A5B64C570E542B8A79EE54A55A745F0', null, 0);
insert into dsy_t_query_field (F_ID, Q_ID, FIELD_CODE, FIELD_TITLE, FIELD_TYPE, FIELD_LEVEL, DATA_TYPE, DATA_URL, DATA_URL_FIELD, URL_TYPE, IS_SHOW, IS_URL_PARAM, IS_SUM, IS_NEWLINE, SORT_INDEX, FIELD_LENGTH, DATA_SORT, CREATE_USER, CREATE_DATE, L_OP_DATE, PARENT_ID, FIELD_FORMAT, IS_LOCK)
values ('BFC8C8F1CE2B4058BEE2A421A36801A6', 'DEBT_BDJH_XZZQ_YBXM', 'ZWZJ_ACTUAL_AMT', '政府债务资金', 'float', null, '1', null, null, 0, 1, 0, 1, 0, 18, 202, null, '21admin', '2020-08-29 16:58:37', '2020-08-29 16:58:37', '5A5B64C570E542B8A79EE54A55A745F0', null, 0);
insert into dsy_t_query_field (F_ID, Q_ID, FIELD_CODE, FIELD_TITLE, FIELD_TYPE, FIELD_LEVEL, DATA_TYPE, DATA_URL, DATA_URL_FIELD, URL_TYPE, IS_SHOW, IS_URL_PARAM, IS_SUM, IS_NEWLINE, SORT_INDEX, FIELD_LENGTH, DATA_SORT, CREATE_USER, CREATE_DATE, L_OP_DATE, PARENT_ID, FIELD_FORMAT, IS_LOCK)
values ('084D0E7AE8B544E697AEDE35E4463B2F', 'DEBT_BDJH_XZZQ_YBXM', null, '三、${SET_YEAR}年拟投资规模', null, null, '0', null, null, 0, 1, 0, 0, 0, 16, 545, null, '21admin', '2020-08-29 16:58:37', '2020-08-29 16:58:37', '8A8A53C003344C0F9C069D62E11EB461', null, 0);
insert into dsy_t_query_field (F_ID, Q_ID, FIELD_CODE, FIELD_TITLE, FIELD_TYPE, FIELD_LEVEL, DATA_TYPE, DATA_URL, DATA_URL_FIELD, URL_TYPE, IS_SHOW, IS_URL_PARAM, IS_SUM, IS_NEWLINE, SORT_INDEX, FIELD_LENGTH, DATA_SORT, CREATE_USER, CREATE_DATE, L_OP_DATE, PARENT_ID, FIELD_FORMAT, IS_LOCK)
values ('C09ABFE59E88406A9AE15F8B8857B3A7', 'DEBT_BDJH_XZZQ_YBXM', 'BNHJ_PLAN_AMT', '合计', 'float', null, '1', null, null, 0, 1, 0, 1, 0, 17, 155, null, '21admin', '2020-08-29 16:58:37', '2020-08-29 16:58:37', '084D0E7AE8B544E697AEDE35E4463B2F', null, 0);
insert into dsy_t_query_field (F_ID, Q_ID, FIELD_CODE, FIELD_TITLE, FIELD_TYPE, FIELD_LEVEL, DATA_TYPE, DATA_URL, DATA_URL_FIELD, URL_TYPE, IS_SHOW, IS_URL_PARAM, IS_SUM, IS_NEWLINE, SORT_INDEX, FIELD_LENGTH, DATA_SORT, CREATE_USER, CREATE_DATE, L_OP_DATE, PARENT_ID, FIELD_FORMAT, IS_LOCK)
values ('EF1B171BB3324F80B951B2D4D35FC088', 'DEBT_BDJH_XZZQ_YBXM', 'BNCZYS_PLAN_AMT', '财政资金投资（含预算内基建投资，不含政府债务资金）', 'float', null, '1', null, null, 0, 1, 0, 1, 0, 18, 188, null, '21admin', '2020-08-29 16:58:37', '2020-08-29 16:58:37', '084D0E7AE8B544E697AEDE35E4463B2F', null, 0);
insert into dsy_t_query_field (F_ID, Q_ID, FIELD_CODE, FIELD_TITLE, FIELD_TYPE, FIELD_LEVEL, DATA_TYPE, DATA_URL, DATA_URL_FIELD, URL_TYPE, IS_SHOW, IS_URL_PARAM, IS_SUM, IS_NEWLINE, SORT_INDEX, FIELD_LENGTH, DATA_SORT, CREATE_USER, CREATE_DATE, L_OP_DATE, PARENT_ID, FIELD_FORMAT, IS_LOCK)
values ('C77F70EC05EA46C4B1D6B7F605853365', 'DEBT_BDJH_XZZQ_YBXM', 'BNZWZJ_PLAN_AMT', '政府债务资金', 'float', null, '1', null, null, 0, 1, 0, 1, 0, 19, 202, null, '21admin', '2020-08-29 16:58:37', '2020-08-29 16:58:37', '084D0E7AE8B544E697AEDE35E4463B2F', null, 0);
insert into dsy_t_query_field (F_ID, Q_ID, FIELD_CODE, FIELD_TITLE, FIELD_TYPE, FIELD_LEVEL, DATA_TYPE, DATA_URL, DATA_URL_FIELD, URL_TYPE, IS_SHOW, IS_URL_PARAM, IS_SUM, IS_NEWLINE, SORT_INDEX, FIELD_LENGTH, DATA_SORT, CREATE_USER, CREATE_DATE, L_OP_DATE, PARENT_ID, FIELD_FORMAT, IS_LOCK)
values ('A4A1FA053BD44A85AC484370CA950139', 'DEBT_BDJH_XZZQ_YBXM', 'APPLY_AMOUNT', '当年新增一般债券需求规模', 'float', null, '1', null, null, 0, 1, 0, 1, 0, 17, 242, null, '21admin', '2020-08-29 16:58:37', '2020-08-29 16:58:37', '8A8A53C003344C0F9C069D62E11EB461', null, 0);
insert into dsy_t_query_field (F_ID, Q_ID, FIELD_CODE, FIELD_TITLE, FIELD_TYPE, FIELD_LEVEL, DATA_TYPE, DATA_URL, DATA_URL_FIELD, URL_TYPE, IS_SHOW, IS_URL_PARAM, IS_SUM, IS_NEWLINE, SORT_INDEX, FIELD_LENGTH, DATA_SORT, CREATE_USER, CREATE_DATE, L_OP_DATE, PARENT_ID, FIELD_FORMAT, IS_LOCK)
values ('724329621311450F8D00CB92878E88AC', 'DEBT_BDJH_XZZQ_YBXM', 'ZQQX_NAME', '拟发债期限', 'string', null, '0', null, null, 0, 1, 0, 0, 0, 18, 201, null, '21admin', '2020-08-29 16:58:37', '2020-08-29 16:58:37', '8A8A53C003344C0F9C069D62E11EB461', null, 0);
insert into dsy_t_query_field (F_ID, Q_ID, FIELD_CODE, FIELD_TITLE, FIELD_TYPE, FIELD_LEVEL, DATA_TYPE, DATA_URL, DATA_URL_FIELD, URL_TYPE, IS_SHOW, IS_URL_PARAM, IS_SUM, IS_NEWLINE, SORT_INDEX, FIELD_LENGTH, DATA_SORT, CREATE_USER, CREATE_DATE, L_OP_DATE, PARENT_ID, FIELD_FORMAT, IS_LOCK)
values ('968DA46BD1204974AE2E02BBEA47540C', 'DEBT_BDJH_XZZQ_YBXM', 'REMARK', '备注', 'string', null, '0', null, null, 0, 1, 0, 0, 0, 14, 201, null, '21admin', '2020-08-29 16:58:37', '2020-08-29 16:58:37', null, null, 0);
insert into dsy_t_query_field (F_ID, Q_ID, FIELD_CODE, FIELD_TITLE, FIELD_TYPE, FIELD_LEVEL, DATA_TYPE, DATA_URL, DATA_URL_FIELD, URL_TYPE, IS_SHOW, IS_URL_PARAM, IS_SUM, IS_NEWLINE, SORT_INDEX, FIELD_LENGTH, DATA_SORT, CREATE_USER, CREATE_DATE, L_OP_DATE, PARENT_ID, FIELD_FORMAT, IS_LOCK)
values ('3919CB798E6848B896EA12EA2F4F9316', 'DEBT_BDJH_XZZQ_YBXM', 'CZB_STATUS', '财政部审核状态', 'string', null, '0', null, null, 0, 1, 0, 0, 0, 15, 201, null, '21admin', '2020-08-29 16:58:37', '2020-08-29 16:58:37', null, null, 0);
insert into dsy_t_query_field (F_ID, Q_ID, FIELD_CODE, FIELD_TITLE, FIELD_TYPE, FIELD_LEVEL, DATA_TYPE, DATA_URL, DATA_URL_FIELD, URL_TYPE, IS_SHOW, IS_URL_PARAM, IS_SUM, IS_NEWLINE, SORT_INDEX, FIELD_LENGTH, DATA_SORT, CREATE_USER, CREATE_DATE, L_OP_DATE, PARENT_ID, FIELD_FORMAT, IS_LOCK)
values ('CFA3812AF5C847FB9D66B3D18916ED24', 'DEBT_BDJH_XZZQ_YBXM', 'FGW_STATUS', '发改委审核状态', 'string', null, '0', null, null, 0, 1, 0, 0, 0, 16, 201, null, '21admin', '2020-08-29 16:58:37', '2020-08-29 16:58:37', null, null, 0);
insert into dsy_t_query_field (F_ID, Q_ID, FIELD_CODE, FIELD_TITLE, FIELD_TYPE, FIELD_LEVEL, DATA_TYPE, DATA_URL, DATA_URL_FIELD, URL_TYPE, IS_SHOW, IS_URL_PARAM, IS_SUM, IS_NEWLINE, SORT_INDEX, FIELD_LENGTH, DATA_SORT, CREATE_USER, CREATE_DATE, L_OP_DATE, PARENT_ID, FIELD_FORMAT, IS_LOCK)
values ('C13CFF9A9F56489DB372AF8AE8668BFB', 'DEBT_BDJH_XZZQ_YBXM', 'CHECK_DATE', '审核日期', 'string', null, '0', null, null, 0, 1, 0, 0, 0, 17, 201, null, '21admin', '2020-08-29 16:58:37', '2020-08-29 16:58:37', null, null, 0);
insert into dsy_t_query_field (F_ID, Q_ID, FIELD_CODE, FIELD_TITLE, FIELD_TYPE, FIELD_LEVEL, DATA_TYPE, DATA_URL, DATA_URL_FIELD, URL_TYPE, IS_SHOW, IS_URL_PARAM, IS_SUM, IS_NEWLINE, SORT_INDEX, FIELD_LENGTH, DATA_SORT, CREATE_USER, CREATE_DATE, L_OP_DATE, PARENT_ID, FIELD_FORMAT, IS_LOCK)
values ('EF411A7A21764E83BAE17C8B41A321A0', 'DEBT_BDJH_XZZQ_YBXM', 'CHECK_REMARK', '审核备注', 'string', null, '0', null, null, 0, 1, 0, 0, 0, 18, 201, null, '21admin', '2020-08-29 16:58:37', '2020-08-29 16:58:37', null, null, 0);
--字段
DELETE FROM dsy_t_query_field WHERE Q_ID = 'DEBT_BDJH_XZZQ_ZXXM';
insert into dsy_t_query_field (F_ID, Q_ID, FIELD_CODE, FIELD_TITLE, FIELD_TYPE, FIELD_LEVEL, DATA_TYPE, DATA_URL, DATA_URL_FIELD, URL_TYPE, IS_SHOW, IS_URL_PARAM, IS_SUM, IS_NEWLINE, SORT_INDEX, FIELD_LENGTH, DATA_SORT, CREATE_USER, CREATE_DATE, L_OP_DATE, PARENT_ID, FIELD_FORMAT, IS_LOCK)
values ('5A50555331FE4822917C3AFF29DA8F38', 'DEBT_BDJH_XZZQ_ZXXM', 'PROVINCE_NAME', '省份', 'string', null, '0', null, null, 0, 1, 0, 0, 0, 2, 109, null, '21admin', '2020-08-29 17:00:39', '2020-08-29 17:00:39', null, null, 0);
insert into dsy_t_query_field (F_ID, Q_ID, FIELD_CODE, FIELD_TITLE, FIELD_TYPE, FIELD_LEVEL, DATA_TYPE, DATA_URL, DATA_URL_FIELD, URL_TYPE, IS_SHOW, IS_URL_PARAM, IS_SUM, IS_NEWLINE, SORT_INDEX, FIELD_LENGTH, DATA_SORT, CREATE_USER, CREATE_DATE, L_OP_DATE, PARENT_ID, FIELD_FORMAT, IS_LOCK)
values ('FFB5BE7B7F1A495E82B725C5DDC9119F', 'DEBT_BDJH_XZZQ_ZXXM', 'BILL_ID', '申报ID', 'string', null, '0', null, null, 0, 1, 0, 0, 0, 3, 109, null, '21admin', '2020-08-29 17:00:39', '2020-08-29 17:00:39', null, null, 0);
insert into dsy_t_query_field (F_ID, Q_ID, FIELD_CODE, FIELD_TITLE, FIELD_TYPE, FIELD_LEVEL, DATA_TYPE, DATA_URL, DATA_URL_FIELD, URL_TYPE, IS_SHOW, IS_URL_PARAM, IS_SUM, IS_NEWLINE, SORT_INDEX, FIELD_LENGTH, DATA_SORT, CREATE_USER, CREATE_DATE, L_OP_DATE, PARENT_ID, FIELD_FORMAT, IS_LOCK)
values ('B1D35453CAE747BCABD69B63001B3245', 'DEBT_BDJH_XZZQ_ZXXM', 'BILL_YEAR', '申报年度', 'string', null, '0', null, null, 0, 1, 0, 0, 0, 4, 109, null, '21admin', '2020-08-29 17:00:39', '2020-08-29 17:00:39', null, null, 0);
insert into dsy_t_query_field (F_ID, Q_ID, FIELD_CODE, FIELD_TITLE, FIELD_TYPE, FIELD_LEVEL, DATA_TYPE, DATA_URL, DATA_URL_FIELD, URL_TYPE, IS_SHOW, IS_URL_PARAM, IS_SUM, IS_NEWLINE, SORT_INDEX, FIELD_LENGTH, DATA_SORT, CREATE_USER, CREATE_DATE, L_OP_DATE, PARENT_ID, FIELD_FORMAT, IS_LOCK)
values ('256544939F1E42B880916997DF690DA8', 'DEBT_BDJH_XZZQ_ZXXM', 'BATCH_NO', '申报批次编码', 'string', null, '0', null, null, 0, 1, 0, 0, 0, 5, 109, null, '21admin', '2020-08-29 17:00:39', '2020-08-29 17:00:39', null, null, 0);
insert into dsy_t_query_field (F_ID, Q_ID, FIELD_CODE, FIELD_TITLE, FIELD_TYPE, FIELD_LEVEL, DATA_TYPE, DATA_URL, DATA_URL_FIELD, URL_TYPE, IS_SHOW, IS_URL_PARAM, IS_SUM, IS_NEWLINE, SORT_INDEX, FIELD_LENGTH, DATA_SORT, CREATE_USER, CREATE_DATE, L_OP_DATE, PARENT_ID, FIELD_FORMAT, IS_LOCK)
values ('52A103716C954F2C8035BFBAA6010034', 'DEBT_BDJH_XZZQ_ZXXM', 'BATCH_NAME', '申报批次', 'string', null, '0', null, null, 0, 1, 0, 0, 0, 6, 109, null, '21admin', '2020-08-29 17:00:39', '2020-08-29 17:00:39', null, null, 0);
insert into dsy_t_query_field (F_ID, Q_ID, FIELD_CODE, FIELD_TITLE, FIELD_TYPE, FIELD_LEVEL, DATA_TYPE, DATA_URL, DATA_URL_FIELD, URL_TYPE, IS_SHOW, IS_URL_PARAM, IS_SUM, IS_NEWLINE, SORT_INDEX, FIELD_LENGTH, DATA_SORT, CREATE_USER, CREATE_DATE, L_OP_DATE, PARENT_ID, FIELD_FORMAT, IS_LOCK)
values ('0362014C06894890B8053C9C2E28BE77', 'DEBT_BDJH_XZZQ_ZXXM', 'AD_NAME', '区划名称', 'string', null, '0', null, null, 0, 1, 0, 0, 0, 7, 179, null, '21admin', '2020-08-29 17:00:39', '2020-08-29 17:00:39', null, null, 0);
insert into dsy_t_query_field (F_ID, Q_ID, FIELD_CODE, FIELD_TITLE, FIELD_TYPE, FIELD_LEVEL, DATA_TYPE, DATA_URL, DATA_URL_FIELD, URL_TYPE, IS_SHOW, IS_URL_PARAM, IS_SUM, IS_NEWLINE, SORT_INDEX, FIELD_LENGTH, DATA_SORT, CREATE_USER, CREATE_DATE, L_OP_DATE, PARENT_ID, FIELD_FORMAT, IS_LOCK)
values ('3DEE88677B0D441BB354DABDC341FBC6', 'DEBT_BDJH_XZZQ_ZXXM', 'AD_CODE', '区划编码', 'string', null, '0', null, null, 0, 1, 0, 0, 0, 8, 136, null, '21admin', '2020-08-29 17:00:39', '2020-08-29 17:00:39', null, null, 0);
insert into dsy_t_query_field (F_ID, Q_ID, FIELD_CODE, FIELD_TITLE, FIELD_TYPE, FIELD_LEVEL, DATA_TYPE, DATA_URL, DATA_URL_FIELD, URL_TYPE, IS_SHOW, IS_URL_PARAM, IS_SUM, IS_NEWLINE, SORT_INDEX, FIELD_LENGTH, DATA_SORT, CREATE_USER, CREATE_DATE, L_OP_DATE, PARENT_ID, FIELD_FORMAT, IS_LOCK)
values ('4FB148181AF64EC2B21D6D560CEE2AEF', 'DEBT_BDJH_XZZQ_ZXXM', null, '一、项目基本情况', null, null, '0', null, null, 0, 1, 0, 0, 0, 9, 3168, null, '21admin', '2020-08-29 17:00:39', '2020-08-29 17:00:39', null, null, 0);
insert into dsy_t_query_field (F_ID, Q_ID, FIELD_CODE, FIELD_TITLE, FIELD_TYPE, FIELD_LEVEL, DATA_TYPE, DATA_URL, DATA_URL_FIELD, URL_TYPE, IS_SHOW, IS_URL_PARAM, IS_SUM, IS_NEWLINE, SORT_INDEX, FIELD_LENGTH, DATA_SORT, CREATE_USER, CREATE_DATE, L_OP_DATE, PARENT_ID, FIELD_FORMAT, IS_LOCK)
values ('0B6747ECF57F4093BB6E72A9F7858DF2', 'DEBT_BDJH_XZZQ_ZXXM', 'XM_ID', '项目ID', 'string', null, '0', null, null, 0, 1, 1, 0, 0, 10, 109, null, '21admin', '2020-08-29 17:00:39', '2020-08-29 17:00:39', '4FB148181AF64EC2B21D6D560CEE2AEF', null, 0);
insert into dsy_t_query_field (F_ID, Q_ID, FIELD_CODE, FIELD_TITLE, FIELD_TYPE, FIELD_LEVEL, DATA_TYPE, DATA_URL, DATA_URL_FIELD, URL_TYPE, IS_SHOW, IS_URL_PARAM, IS_SUM, IS_NEWLINE, SORT_INDEX, FIELD_LENGTH, DATA_SORT, CREATE_USER, CREATE_DATE, L_OP_DATE, PARENT_ID, FIELD_FORMAT, IS_LOCK)
values ('A6F53CAD64894556B742614B4E2F0B4C', 'DEBT_BDJH_XZZQ_ZXXM', 'AG_NAME', '项目单位', 'string', null, '0', null, null, 0, 1, 0, 0, 0, 11, 224, null, '21admin', '2020-08-29 17:00:39', '2020-08-29 17:00:39', '4FB148181AF64EC2B21D6D560CEE2AEF', null, 0);
insert into dsy_t_query_field (F_ID, Q_ID, FIELD_CODE, FIELD_TITLE, FIELD_TYPE, FIELD_LEVEL, DATA_TYPE, DATA_URL, DATA_URL_FIELD, URL_TYPE, IS_SHOW, IS_URL_PARAM, IS_SUM, IS_NEWLINE, SORT_INDEX, FIELD_LENGTH, DATA_SORT, CREATE_USER, CREATE_DATE, L_OP_DATE, PARENT_ID, FIELD_FORMAT, IS_LOCK)
values ('41D4508376AD486AB2F2631F902DA8EE', 'DEBT_BDJH_XZZQ_ZXXM', 'XM_NAME', '项目名称', 'string', null, '0', '/page/debt/jsxm/jsxmYhsMain.jsp', null, 0, 1, 0, 0, 0, 12, 224, null, '21admin', '2020-08-29 17:00:39', '2020-08-29 17:00:39', '4FB148181AF64EC2B21D6D560CEE2AEF', null, 0);
insert into dsy_t_query_field (F_ID, Q_ID, FIELD_CODE, FIELD_TITLE, FIELD_TYPE, FIELD_LEVEL, DATA_TYPE, DATA_URL, DATA_URL_FIELD, URL_TYPE, IS_SHOW, IS_URL_PARAM, IS_SUM, IS_NEWLINE, SORT_INDEX, FIELD_LENGTH, DATA_SORT, CREATE_USER, CREATE_DATE, L_OP_DATE, PARENT_ID, FIELD_FORMAT, IS_LOCK)
values ('FBAAFE5038444AC9AFF7F5F88F5990AB', 'DEBT_BDJH_XZZQ_ZXXM', 'XMLX_NAME', '项目类型1', 'string', null, '0', null, null, 0, 1, 0, 0, 0, 13, 224, null, '21admin', '2020-08-29 17:00:39', '2020-08-29 17:00:39', '4FB148181AF64EC2B21D6D560CEE2AEF', null, 0);
insert into dsy_t_query_field (F_ID, Q_ID, FIELD_CODE, FIELD_TITLE, FIELD_TYPE, FIELD_LEVEL, DATA_TYPE, DATA_URL, DATA_URL_FIELD, URL_TYPE, IS_SHOW, IS_URL_PARAM, IS_SUM, IS_NEWLINE, SORT_INDEX, FIELD_LENGTH, DATA_SORT, CREATE_USER, CREATE_DATE, L_OP_DATE, PARENT_ID, FIELD_FORMAT, IS_LOCK)
values ('7DC3657AC84F4A0697D0518962A72574', 'DEBT_BDJH_XZZQ_ZXXM', 'CYLX_NAME', '项目类型2', 'string', null, '0', null, null, 0, 1, 0, 0, 0, 14, 224, null, '21admin', '2020-08-29 17:00:39', '2020-08-29 17:00:39', '4FB148181AF64EC2B21D6D560CEE2AEF', null, 0);
insert into dsy_t_query_field (F_ID, Q_ID, FIELD_CODE, FIELD_TITLE, FIELD_TYPE, FIELD_LEVEL, DATA_TYPE, DATA_URL, DATA_URL_FIELD, URL_TYPE, IS_SHOW, IS_URL_PARAM, IS_SUM, IS_NEWLINE, SORT_INDEX, FIELD_LENGTH, DATA_SORT, CREATE_USER, CREATE_DATE, L_OP_DATE, PARENT_ID, FIELD_FORMAT, IS_LOCK)
values ('27ED51A3BC8341738318B72959A36EC5', 'DEBT_BDJH_XZZQ_ZXXM', 'XMXZ_NAME', '项目性质（有一定收益）', 'string', null, '0', null, null, 0, 1, 0, 0, 0, 15, 229, null, '21admin', '2020-08-29 17:00:39', '2020-08-29 17:00:39', '4FB148181AF64EC2B21D6D560CEE2AEF', null, 0);
insert into dsy_t_query_field (F_ID, Q_ID, FIELD_CODE, FIELD_TITLE, FIELD_TYPE, FIELD_LEVEL, DATA_TYPE, DATA_URL, DATA_URL_FIELD, URL_TYPE, IS_SHOW, IS_URL_PARAM, IS_SUM, IS_NEWLINE, SORT_INDEX, FIELD_LENGTH, DATA_SORT, CREATE_USER, CREATE_DATE, L_OP_DATE, PARENT_ID, FIELD_FORMAT, IS_LOCK)
values ('61B8F4E20DC54C6FA35BB04B4F1AEB0F', 'DEBT_BDJH_XZZQ_ZXXM', 'JSZT_NAME', '建设状态（未开工/在建/竣工）', 'string', null, '0', null, null, 0, 1, 0, 0, 0, 16, 134, null, '21admin', '2020-08-29 17:00:39', '2020-08-29 17:00:39', '4FB148181AF64EC2B21D6D560CEE2AEF', null, 0);
insert into dsy_t_query_field (F_ID, Q_ID, FIELD_CODE, FIELD_TITLE, FIELD_TYPE, FIELD_LEVEL, DATA_TYPE, DATA_URL, DATA_URL_FIELD, URL_TYPE, IS_SHOW, IS_URL_PARAM, IS_SUM, IS_NEWLINE, SORT_INDEX, FIELD_LENGTH, DATA_SORT, CREATE_USER, CREATE_DATE, L_OP_DATE, PARENT_ID, FIELD_FORMAT, IS_LOCK)
values ('9E7D1F3A2D38471F815A3590A1BE2545', 'DEBT_BDJH_XZZQ_ZXXM', 'LX_YEAR', '立项年度', 'string', null, '0', null, null, 0, 1, 0, 0, 0, 17, 111, null, '21admin', '2020-08-29 17:00:39', '2020-08-29 17:00:39', '4FB148181AF64EC2B21D6D560CEE2AEF', null, 0);
insert into dsy_t_query_field (F_ID, Q_ID, FIELD_CODE, FIELD_TITLE, FIELD_TYPE, FIELD_LEVEL, DATA_TYPE, DATA_URL, DATA_URL_FIELD, URL_TYPE, IS_SHOW, IS_URL_PARAM, IS_SUM, IS_NEWLINE, SORT_INDEX, FIELD_LENGTH, DATA_SORT, CREATE_USER, CREATE_DATE, L_OP_DATE, PARENT_ID, FIELD_FORMAT, IS_LOCK)
values ('D2C132F62FCB4DC58BF01A50F8524EC3', 'DEBT_BDJH_XZZQ_ZXXM', 'JSNX', '建设期限（年）', 'float', null, '1', null, null, 0, 1, 0, 0, 0, 18, 129, null, '21admin', '2020-08-29 17:00:39', '2020-08-29 17:00:39', '4FB148181AF64EC2B21D6D560CEE2AEF', null, 0);
insert into dsy_t_query_field (F_ID, Q_ID, FIELD_CODE, FIELD_TITLE, FIELD_TYPE, FIELD_LEVEL, DATA_TYPE, DATA_URL, DATA_URL_FIELD, URL_TYPE, IS_SHOW, IS_URL_PARAM, IS_SUM, IS_NEWLINE, SORT_INDEX, FIELD_LENGTH, DATA_SORT, CREATE_USER, CREATE_DATE, L_OP_DATE, PARENT_ID, FIELD_FORMAT, IS_LOCK)
values ('9912367FCF2C43A0A84F93C446E16509', 'DEBT_BDJH_XZZQ_ZXXM', 'START_DATE_ACTUAL', '开工日期（年-月）', 'string', null, '0', null, null, 0, 1, 0, 0, 0, 19, 134, null, '21admin', '2020-08-29 17:00:39', '2020-08-29 17:00:39', '4FB148181AF64EC2B21D6D560CEE2AEF', null, 0);
insert into dsy_t_query_field (F_ID, Q_ID, FIELD_CODE, FIELD_TITLE, FIELD_TYPE, FIELD_LEVEL, DATA_TYPE, DATA_URL, DATA_URL_FIELD, URL_TYPE, IS_SHOW, IS_URL_PARAM, IS_SUM, IS_NEWLINE, SORT_INDEX, FIELD_LENGTH, DATA_SORT, CREATE_USER, CREATE_DATE, L_OP_DATE, PARENT_ID, FIELD_FORMAT, IS_LOCK)
values ('AC9D168ABCC54682B6A75DE835E3E89F', 'DEBT_BDJH_XZZQ_ZXXM', 'END_DATE_ACTUAL', '竣工日期（年-月）', 'string', null, '0', null, null, 0, 1, 0, 0, 0, 20, 134, null, '21admin', '2020-08-29 17:00:39', '2020-08-29 17:00:39', '4FB148181AF64EC2B21D6D560CEE2AEF', null, 0);
insert into dsy_t_query_field (F_ID, Q_ID, FIELD_CODE, FIELD_TITLE, FIELD_TYPE, FIELD_LEVEL, DATA_TYPE, DATA_URL, DATA_URL_FIELD, URL_TYPE, IS_SHOW, IS_URL_PARAM, IS_SUM, IS_NEWLINE, SORT_INDEX, FIELD_LENGTH, DATA_SORT, CREATE_USER, CREATE_DATE, L_OP_DATE, PARENT_ID, FIELD_FORMAT, IS_LOCK)
values ('93ED240E89F841FCA27C48F731584038', 'DEBT_BDJH_XZZQ_ZXXM', 'USE_UNIT_ID', '管理使用单位', 'string', null, '0', null, null, 0, 1, 0, 0, 0, 21, 201, null, '21admin', '2020-08-29 17:00:39', '2020-08-29 17:00:39', '4FB148181AF64EC2B21D6D560CEE2AEF', null, 0);
insert into dsy_t_query_field (F_ID, Q_ID, FIELD_CODE, FIELD_TITLE, FIELD_TYPE, FIELD_LEVEL, DATA_TYPE, DATA_URL, DATA_URL_FIELD, URL_TYPE, IS_SHOW, IS_URL_PARAM, IS_SUM, IS_NEWLINE, SORT_INDEX, FIELD_LENGTH, DATA_SORT, CREATE_USER, CREATE_DATE, L_OP_DATE, PARENT_ID, FIELD_FORMAT, IS_LOCK)
values ('ADA2B38F908F4B8ABFB7728565823BAC', 'DEBT_BDJH_XZZQ_ZXXM', 'BILL_PERSON', '单位项目负责人', 'string', null, '0', null, null, 0, 1, 0, 0, 0, 22, 134, null, '21admin', '2020-08-29 17:00:39', '2020-08-29 17:00:39', '4FB148181AF64EC2B21D6D560CEE2AEF', null, 0);
insert into dsy_t_query_field (F_ID, Q_ID, FIELD_CODE, FIELD_TITLE, FIELD_TYPE, FIELD_LEVEL, DATA_TYPE, DATA_URL, DATA_URL_FIELD, URL_TYPE, IS_SHOW, IS_URL_PARAM, IS_SUM, IS_NEWLINE, SORT_INDEX, FIELD_LENGTH, DATA_SORT, CREATE_USER, CREATE_DATE, L_OP_DATE, PARENT_ID, FIELD_FORMAT, IS_LOCK)
values ('39109EE217914DE1981200F920AA09DA', 'DEBT_BDJH_XZZQ_ZXXM', 'BILL_PHONE', '负责人联系电话', 'string', null, '0', null, null, 0, 1, 0, 0, 0, 23, 201, null, '21admin', '2020-08-29 17:00:39', '2020-08-29 17:00:39', '4FB148181AF64EC2B21D6D560CEE2AEF', null, 0);
insert into dsy_t_query_field (F_ID, Q_ID, FIELD_CODE, FIELD_TITLE, FIELD_TYPE, FIELD_LEVEL, DATA_TYPE, DATA_URL, DATA_URL_FIELD, URL_TYPE, IS_SHOW, IS_URL_PARAM, IS_SUM, IS_NEWLINE, SORT_INDEX, FIELD_LENGTH, DATA_SORT, CREATE_USER, CREATE_DATE, L_OP_DATE, PARENT_ID, FIELD_FORMAT, IS_LOCK)
values ('97F27EABC13744F7A6963DB9E6144A86', 'DEBT_BDJH_XZZQ_ZXXM', 'ZGBM_NAME', '主管部门', 'string', null, '0', null, null, 0, 1, 0, 0, 0, 24, 201, null, '21admin', '2020-08-29 17:00:39', '2020-08-29 17:00:39', '4FB148181AF64EC2B21D6D560CEE2AEF', null, 0);
insert into dsy_t_query_field (F_ID, Q_ID, FIELD_CODE, FIELD_TITLE, FIELD_TYPE, FIELD_LEVEL, DATA_TYPE, DATA_URL, DATA_URL_FIELD, URL_TYPE, IS_SHOW, IS_URL_PARAM, IS_SUM, IS_NEWLINE, SORT_INDEX, FIELD_LENGTH, DATA_SORT, CREATE_USER, CREATE_DATE, L_OP_DATE, PARENT_ID, FIELD_FORMAT, IS_LOCK)
values ('84475B9ECE834F34A6E310C57E8F1C1D', 'DEBT_BDJH_XZZQ_ZXXM', 'XM_CODE', '地方政府性债务管理系统中项目编码', 'string', null, '0', null, null, 0, 1, 0, 0, 0, 25, 224, null, '21admin', '2020-08-29 17:00:39', '2020-08-29 17:00:39', '4FB148181AF64EC2B21D6D560CEE2AEF', null, 0);
insert into dsy_t_query_field (F_ID, Q_ID, FIELD_CODE, FIELD_TITLE, FIELD_TYPE, FIELD_LEVEL, DATA_TYPE, DATA_URL, DATA_URL_FIELD, URL_TYPE, IS_SHOW, IS_URL_PARAM, IS_SUM, IS_NEWLINE, SORT_INDEX, FIELD_LENGTH, DATA_SORT, CREATE_USER, CREATE_DATE, L_OP_DATE, PARENT_ID, FIELD_FORMAT, IS_LOCK)
values ('4B95B0978225424CAFF0CFB9EE8255C3', 'DEBT_BDJH_XZZQ_ZXXM', 'FGW_XMK_CODE', '发展改革委项目政府投资项目编码', 'string', null, '0', null, null, 0, 1, 0, 0, 0, 26, 224, null, '21admin', '2020-08-29 17:00:39', '2020-08-29 17:00:39', '4FB148181AF64EC2B21D6D560CEE2AEF', null, 0);
insert into dsy_t_query_field (F_ID, Q_ID, FIELD_CODE, FIELD_TITLE, FIELD_TYPE, FIELD_LEVEL, DATA_TYPE, DATA_URL, DATA_URL_FIELD, URL_TYPE, IS_SHOW, IS_URL_PARAM, IS_SUM, IS_NEWLINE, SORT_INDEX, FIELD_LENGTH, DATA_SORT, CREATE_USER, CREATE_DATE, L_OP_DATE, PARENT_ID, FIELD_FORMAT, IS_LOCK)
values ('C4368A2A8C674AF2A83665B8EF1E9126', 'DEBT_BDJH_XZZQ_ZXXM', 'PROVINCE_CODE', '省份编码', 'string', null, '0', null, null, 0, 1, 0, 0, 0, 1, 109, null, '21admin', '2020-08-29 17:00:39', '2020-08-29 17:00:39', null, null, 0);
insert into dsy_t_query_field (F_ID, Q_ID, FIELD_CODE, FIELD_TITLE, FIELD_TYPE, FIELD_LEVEL, DATA_TYPE, DATA_URL, DATA_URL_FIELD, URL_TYPE, IS_SHOW, IS_URL_PARAM, IS_SUM, IS_NEWLINE, SORT_INDEX, FIELD_LENGTH, DATA_SORT, CREATE_USER, CREATE_DATE, L_OP_DATE, PARENT_ID, FIELD_FORMAT, IS_LOCK)
values ('3B30B487C54940A1A3ABC4C0F0D6E406', 'DEBT_BDJH_XZZQ_ZXXM', 'XMZGS_AMT', '项目总概算', 'float', null, '1', null, null, 0, 1, 0, 1, 0, 27, 107, null, '21admin', '2020-08-29 17:00:39', '2020-08-29 17:00:39', '4FB148181AF64EC2B21D6D560CEE2AEF', null, 0);
insert into dsy_t_query_field (F_ID, Q_ID, FIELD_CODE, FIELD_TITLE, FIELD_TYPE, FIELD_LEVEL, DATA_TYPE, DATA_URL, DATA_URL_FIELD, URL_TYPE, IS_SHOW, IS_URL_PARAM, IS_SUM, IS_NEWLINE, SORT_INDEX, FIELD_LENGTH, DATA_SORT, CREATE_USER, CREATE_DATE, L_OP_DATE, PARENT_ID, FIELD_FORMAT, IS_LOCK)
values ('1FAE0B6F935A40FEA8BC725E017CFB12', 'DEBT_BDJH_XZZQ_ZXXM', null, '二、项目合规性及前期准备情况', null, null, '0', null, null, 0, 1, 0, 0, 0, 10, 801, null, '21admin', '2020-08-29 17:00:39', '2020-08-29 17:00:39', null, null, 0);
insert into dsy_t_query_field (F_ID, Q_ID, FIELD_CODE, FIELD_TITLE, FIELD_TYPE, FIELD_LEVEL, DATA_TYPE, DATA_URL, DATA_URL_FIELD, URL_TYPE, IS_SHOW, IS_URL_PARAM, IS_SUM, IS_NEWLINE, SORT_INDEX, FIELD_LENGTH, DATA_SORT, CREATE_USER, CREATE_DATE, L_OP_DATE, PARENT_ID, FIELD_FORMAT, IS_LOCK)
values ('747EFAB91BDF4B9992C3C69BDD62724B', 'DEBT_BDJH_XZZQ_ZXXM', null, '项目前期工作准备情况', null, null, '0', null, null, 0, 1, 0, 0, 0, 11, 605, null, '21admin', '2020-08-29 17:00:39', '2020-08-29 17:00:39', '1FAE0B6F935A40FEA8BC725E017CFB12', null, 0);
insert into dsy_t_query_field (F_ID, Q_ID, FIELD_CODE, FIELD_TITLE, FIELD_TYPE, FIELD_LEVEL, DATA_TYPE, DATA_URL, DATA_URL_FIELD, URL_TYPE, IS_SHOW, IS_URL_PARAM, IS_SUM, IS_NEWLINE, SORT_INDEX, FIELD_LENGTH, DATA_SORT, CREATE_USER, CREATE_DATE, L_OP_DATE, PARENT_ID, FIELD_FORMAT, IS_LOCK)
values ('F6449EBB7C054649BD07A6737AA0A3E3', 'DEBT_BDJH_XZZQ_ZXXM', 'SF_LXSP', '是否已经主管部门立项审批', 'string', null, '0', null, null, 0, 1, 0, 0, 0, 12, 122, null, '21admin', '2020-08-29 17:00:39', '2020-08-29 17:00:39', '747EFAB91BDF4B9992C3C69BDD62724B', null, 0);
insert into dsy_t_query_field (F_ID, Q_ID, FIELD_CODE, FIELD_TITLE, FIELD_TYPE, FIELD_LEVEL, DATA_TYPE, DATA_URL, DATA_URL_FIELD, URL_TYPE, IS_SHOW, IS_URL_PARAM, IS_SUM, IS_NEWLINE, SORT_INDEX, FIELD_LENGTH, DATA_SORT, CREATE_USER, CREATE_DATE, L_OP_DATE, PARENT_ID, FIELD_FORMAT, IS_LOCK)
values ('71D3FDC43FFE40FABE7AE4C23C2C0739', 'DEBT_BDJH_XZZQ_ZXXM', 'SF_HPGZ', '是否已经完成环评工作', 'string', null, '0', null, null, 0, 1, 0, 0, 0, 13, 125, null, '21admin', '2020-08-29 17:00:39', '2020-08-29 17:00:39', '747EFAB91BDF4B9992C3C69BDD62724B', null, 0);
insert into dsy_t_query_field (F_ID, Q_ID, FIELD_CODE, FIELD_TITLE, FIELD_TYPE, FIELD_LEVEL, DATA_TYPE, DATA_URL, DATA_URL_FIELD, URL_TYPE, IS_SHOW, IS_URL_PARAM, IS_SUM, IS_NEWLINE, SORT_INDEX, FIELD_LENGTH, DATA_SORT, CREATE_USER, CREATE_DATE, L_OP_DATE, PARENT_ID, FIELD_FORMAT, IS_LOCK)
values ('EA52AB0FE8234B0CA5535C18EC7ED650', 'DEBT_BDJH_XZZQ_ZXXM', 'SF_APGZ', '是否已完成安评工作', 'string', null, '0', null, null, 0, 1, 0, 0, 0, 14, 125, null, '21admin', '2020-08-29 17:00:39', '2020-08-29 17:00:39', '747EFAB91BDF4B9992C3C69BDD62724B', null, 0);
insert into dsy_t_query_field (F_ID, Q_ID, FIELD_CODE, FIELD_TITLE, FIELD_TYPE, FIELD_LEVEL, DATA_TYPE, DATA_URL, DATA_URL_FIELD, URL_TYPE, IS_SHOW, IS_URL_PARAM, IS_SUM, IS_NEWLINE, SORT_INDEX, FIELD_LENGTH, DATA_SORT, CREATE_USER, CREATE_DATE, L_OP_DATE, PARENT_ID, FIELD_FORMAT, IS_LOCK)
values ('37F17A25C92D4CB983F423C64336E01F', 'DEBT_BDJH_XZZQ_ZXXM', 'SF_ZTBGZ', '是否已完成招投标工作', 'string', null, '0', null, null, 0, 1, 0, 0, 0, 15, 112, null, '21admin', '2020-08-29 17:00:39', '2020-08-29 17:00:39', '747EFAB91BDF4B9992C3C69BDD62724B', null, 0);
insert into dsy_t_query_field (F_ID, Q_ID, FIELD_CODE, FIELD_TITLE, FIELD_TYPE, FIELD_LEVEL, DATA_TYPE, DATA_URL, DATA_URL_FIELD, URL_TYPE, IS_SHOW, IS_URL_PARAM, IS_SUM, IS_NEWLINE, SORT_INDEX, FIELD_LENGTH, DATA_SORT, CREATE_USER, CREATE_DATE, L_OP_DATE, PARENT_ID, FIELD_FORMAT, IS_LOCK)
values ('6FC6D476E08141059437A036B81FAD38', 'DEBT_BDJH_XZZQ_ZXXM', 'SF_ZDCQ', '是否已完成相关征地拆迁等相关工作', 'string', null, '0', null, null, 0, 1, 0, 0, 0, 16, 121, null, '21admin', '2020-08-29 17:00:39', '2020-08-29 17:00:39', '747EFAB91BDF4B9992C3C69BDD62724B', null, 0);
insert into dsy_t_query_field (F_ID, Q_ID, FIELD_CODE, FIELD_TITLE, FIELD_TYPE, FIELD_LEVEL, DATA_TYPE, DATA_URL, DATA_URL_FIELD, URL_TYPE, IS_SHOW, IS_URL_PARAM, IS_SUM, IS_NEWLINE, SORT_INDEX, FIELD_LENGTH, DATA_SORT, CREATE_USER, CREATE_DATE, L_OP_DATE, PARENT_ID, FIELD_FORMAT, IS_LOCK)
values ('47787BDC3DB94A668768F02C13ADAF88', 'DEBT_BDJH_XZZQ_ZXXM', 'SF_SWGZL', '能否形成实物工作量', 'string', null, '0', null, null, 0, 1, 0, 0, 0, 12, 99, null, '21admin', '2020-08-29 17:00:39', '2020-08-29 17:00:39', '1FAE0B6F935A40FEA8BC725E017CFB12', null, 0);
insert into dsy_t_query_field (F_ID, Q_ID, FIELD_CODE, FIELD_TITLE, FIELD_TYPE, FIELD_LEVEL, DATA_TYPE, DATA_URL, DATA_URL_FIELD, URL_TYPE, IS_SHOW, IS_URL_PARAM, IS_SUM, IS_NEWLINE, SORT_INDEX, FIELD_LENGTH, DATA_SORT, CREATE_USER, CREATE_DATE, L_OP_DATE, PARENT_ID, FIELD_FORMAT, IS_LOCK)
values ('42F0A9E9FBDE46D7AC93E59BF54428BE', 'DEBT_BDJH_XZZQ_ZXXM', 'SF_TZZC', '能否形成有效投资支出', 'string', null, '0', null, null, 0, 1, 0, 0, 0, 13, 97, null, '21admin', '2020-08-29 17:00:39', '2020-08-29 17:00:39', '1FAE0B6F935A40FEA8BC725E017CFB12', null, 0);
insert into dsy_t_query_field (F_ID, Q_ID, FIELD_CODE, FIELD_TITLE, FIELD_TYPE, FIELD_LEVEL, DATA_TYPE, DATA_URL, DATA_URL_FIELD, URL_TYPE, IS_SHOW, IS_URL_PARAM, IS_SUM, IS_NEWLINE, SORT_INDEX, FIELD_LENGTH, DATA_SORT, CREATE_USER, CREATE_DATE, L_OP_DATE, PARENT_ID, FIELD_FORMAT, IS_LOCK)
values ('5F64458C5F2148D892516E6DDD530B38', 'DEBT_BDJH_XZZQ_ZXXM', null, '三。项目重要性评估', null, null, '0', null, null, 0, 1, 0, 0, 0, 11, 707, null, '21admin', '2020-08-29 17:00:39', '2020-08-29 17:00:39', null, null, 0);
insert into dsy_t_query_field (F_ID, Q_ID, FIELD_CODE, FIELD_TITLE, FIELD_TYPE, FIELD_LEVEL, DATA_TYPE, DATA_URL, DATA_URL_FIELD, URL_TYPE, IS_SHOW, IS_URL_PARAM, IS_SUM, IS_NEWLINE, SORT_INDEX, FIELD_LENGTH, DATA_SORT, CREATE_USER, CREATE_DATE, L_OP_DATE, PARENT_ID, FIELD_FORMAT, IS_LOCK)
values ('9B909B2AB0FE41658CCCC2223D33801A', 'DEBT_BDJH_XZZQ_ZXXM', 'LXSPYJ_NAME', '立项审批依据', 'string', null, '0', null, null, 0, 1, 0, 0, 0, 12, 132, null, '21admin', '2020-08-29 17:00:39', '2020-08-29 17:00:39', '5F64458C5F2148D892516E6DDD530B38', null, 0);
insert into dsy_t_query_field (F_ID, Q_ID, FIELD_CODE, FIELD_TITLE, FIELD_TYPE, FIELD_LEVEL, DATA_TYPE, DATA_URL, DATA_URL_FIELD, URL_TYPE, IS_SHOW, IS_URL_PARAM, IS_SUM, IS_NEWLINE, SORT_INDEX, FIELD_LENGTH, DATA_SORT, CREATE_USER, CREATE_DATE, L_OP_DATE, PARENT_ID, FIELD_FORMAT, IS_LOCK)
values ('28AA0185502F477882E411166A40CBA6', 'DEBT_BDJH_XZZQ_ZXXM', 'SPJC_NAME', '立项审批级次', 'string', null, '0', null, null, 0, 1, 0, 0, 0, 13, 134, null, '21admin', '2020-08-29 17:00:39', '2020-08-29 17:00:39', '5F64458C5F2148D892516E6DDD530B38', null, 0);
insert into dsy_t_query_field (F_ID, Q_ID, FIELD_CODE, FIELD_TITLE, FIELD_TYPE, FIELD_LEVEL, DATA_TYPE, DATA_URL, DATA_URL_FIELD, URL_TYPE, IS_SHOW, IS_URL_PARAM, IS_SUM, IS_NEWLINE, SORT_INDEX, FIELD_LENGTH, DATA_SORT, CREATE_USER, CREATE_DATE, L_OP_DATE, PARENT_ID, FIELD_FORMAT, IS_LOCK)
values ('6F2D9157505B4438B0EB0F71088A05BB', 'DEBT_BDJH_XZZQ_ZXXM', 'IS_SJXM', '是否纳入党中央、国务院批准的重大规划范围', 'string', null, '0', null, null, 0, 1, 0, 0, 0, 14, 157, null, '21admin', '2020-08-29 17:00:39', '2020-08-29 17:00:39', '5F64458C5F2148D892516E6DDD530B38', null, 0);
insert into dsy_t_query_field (F_ID, Q_ID, FIELD_CODE, FIELD_TITLE, FIELD_TYPE, FIELD_LEVEL, DATA_TYPE, DATA_URL, DATA_URL_FIELD, URL_TYPE, IS_SHOW, IS_URL_PARAM, IS_SUM, IS_NEWLINE, SORT_INDEX, FIELD_LENGTH, DATA_SORT, CREATE_USER, CREATE_DATE, L_OP_DATE, PARENT_ID, FIELD_FORMAT, IS_LOCK)
values ('3783FD87B4AA48F28A81DBA3DF1803BC', 'DEBT_BDJH_XZZQ_ZXXM', 'SJXM_NAME', '纳入党中央、国务院批准的重大规划名称', 'string', null, '0', null, null, 0, 1, 0, 0, 0, 15, 156, null, '21admin', '2020-08-29 17:00:39', '2020-08-29 17:00:39', '5F64458C5F2148D892516E6DDD530B38', null, 0);
insert into dsy_t_query_field (F_ID, Q_ID, FIELD_CODE, FIELD_TITLE, FIELD_TYPE, FIELD_LEVEL, DATA_TYPE, DATA_URL, DATA_URL_FIELD, URL_TYPE, IS_SHOW, IS_URL_PARAM, IS_SUM, IS_NEWLINE, SORT_INDEX, FIELD_LENGTH, DATA_SORT, CREATE_USER, CREATE_DATE, L_OP_DATE, PARENT_ID, FIELD_FORMAT, IS_LOCK)
values ('832D9B2238DB4CE79C14156443E07035', 'DEBT_BDJH_XZZQ_ZXXM', 'YXDJ', '项目优先等级（一级优先等级最高）', 'string', null, '0', null, null, 0, 1, 0, 0, 0, 16, 128, null, '21admin', '2020-08-29 17:00:39', '2020-08-29 17:00:39', '5F64458C5F2148D892516E6DDD530B38', null, 0);
insert into dsy_t_query_field (F_ID, Q_ID, FIELD_CODE, FIELD_TITLE, FIELD_TYPE, FIELD_LEVEL, DATA_TYPE, DATA_URL, DATA_URL_FIELD, URL_TYPE, IS_SHOW, IS_URL_PARAM, IS_SUM, IS_NEWLINE, SORT_INDEX, FIELD_LENGTH, DATA_SORT, CREATE_USER, CREATE_DATE, L_OP_DATE, PARENT_ID, FIELD_FORMAT, IS_LOCK)
values ('2A9404804DB44F21AA20E09582143227', 'DEBT_BDJH_XZZQ_ZXXM', null, '四、项目收益与融资平衡情况', null, null, '0', null, null, 0, 1, 0, 0, 0, 12, 2554, null, '21admin', '2020-08-29 17:00:39', '2020-08-29 17:00:39', null, null, 0);
insert into dsy_t_query_field (F_ID, Q_ID, FIELD_CODE, FIELD_TITLE, FIELD_TYPE, FIELD_LEVEL, DATA_TYPE, DATA_URL, DATA_URL_FIELD, URL_TYPE, IS_SHOW, IS_URL_PARAM, IS_SUM, IS_NEWLINE, SORT_INDEX, FIELD_LENGTH, DATA_SORT, CREATE_USER, CREATE_DATE, L_OP_DATE, PARENT_ID, FIELD_FORMAT, IS_LOCK)
values ('FD573EE9363A41FCBD3FC303ABBA9EB3', 'DEBT_BDJH_XZZQ_ZXXM', null, '（一）政府投资规模', null, null, '0', null, null, 0, 1, 0, 0, 0, 13, 496, null, '21admin', '2020-08-29 17:00:39', '2020-08-29 17:00:39', '2A9404804DB44F21AA20E09582143227', null, 0);
insert into dsy_t_query_field (F_ID, Q_ID, FIELD_CODE, FIELD_TITLE, FIELD_TYPE, FIELD_LEVEL, DATA_TYPE, DATA_URL, DATA_URL_FIELD, URL_TYPE, IS_SHOW, IS_URL_PARAM, IS_SUM, IS_NEWLINE, SORT_INDEX, FIELD_LENGTH, DATA_SORT, CREATE_USER, CREATE_DATE, L_OP_DATE, PARENT_ID, FIELD_FORMAT, IS_LOCK)
values ('3C83A31904CD45128335F27BE5E2A5D0', 'DEBT_BDJH_XZZQ_ZXXM', 'HJ_PLAN_AMT', '合计', 'float', null, '1', null, null, 0, 1, 0, 1, 0, 14, 147, null, '21admin', '2020-08-29 17:00:39', '2020-08-29 17:00:39', 'FD573EE9363A41FCBD3FC303ABBA9EB3', null, 0);
insert into dsy_t_query_field (F_ID, Q_ID, FIELD_CODE, FIELD_TITLE, FIELD_TYPE, FIELD_LEVEL, DATA_TYPE, DATA_URL, DATA_URL_FIELD, URL_TYPE, IS_SHOW, IS_URL_PARAM, IS_SUM, IS_NEWLINE, SORT_INDEX, FIELD_LENGTH, DATA_SORT, CREATE_USER, CREATE_DATE, L_OP_DATE, PARENT_ID, FIELD_FORMAT, IS_LOCK)
values ('04A619D4764E49A28BBE315068BC798D', 'DEBT_BDJH_XZZQ_ZXXM', 'CZYS_PLAN_AMT', '财政资金投资（含预算内基建投资，不含政府债务资金）', 'float', null, '1', null, null, 0, 1, 0, 1, 0, 15, 202, null, '21admin', '2020-08-29 17:00:39', '2020-08-29 17:00:39', 'FD573EE9363A41FCBD3FC303ABBA9EB3', null, 0);
insert into dsy_t_query_field (F_ID, Q_ID, FIELD_CODE, FIELD_TITLE, FIELD_TYPE, FIELD_LEVEL, DATA_TYPE, DATA_URL, DATA_URL_FIELD, URL_TYPE, IS_SHOW, IS_URL_PARAM, IS_SUM, IS_NEWLINE, SORT_INDEX, FIELD_LENGTH, DATA_SORT, CREATE_USER, CREATE_DATE, L_OP_DATE, PARENT_ID, FIELD_FORMAT, IS_LOCK)
values ('1A04630B8CE04CF4A8079DF00A08A302', 'DEBT_BDJH_XZZQ_ZXXM', 'ZWZJ_PLAN_AMT', '政府债务资金', 'float', null, '1', null, null, 0, 1, 0, 1, 0, 16, 147, null, '21admin', '2020-08-29 17:00:39', '2020-08-29 17:00:39', 'FD573EE9363A41FCBD3FC303ABBA9EB3', null, 0);
insert into dsy_t_query_field (F_ID, Q_ID, FIELD_CODE, FIELD_TITLE, FIELD_TYPE, FIELD_LEVEL, DATA_TYPE, DATA_URL, DATA_URL_FIELD, URL_TYPE, IS_SHOW, IS_URL_PARAM, IS_SUM, IS_NEWLINE, SORT_INDEX, FIELD_LENGTH, DATA_SORT, CREATE_USER, CREATE_DATE, L_OP_DATE, PARENT_ID, FIELD_FORMAT, IS_LOCK)
values ('36ABE4C83C4D4861825EC4ED45F8E127', 'DEBT_BDJH_XZZQ_ZXXM', null, '（二）已投资规模', null, null, '0', null, null, 0, 1, 0, 0, 0, 14, 496, null, '21admin', '2020-08-29 17:00:39', '2020-08-29 17:00:39', '2A9404804DB44F21AA20E09582143227', null, 0);
insert into dsy_t_query_field (F_ID, Q_ID, FIELD_CODE, FIELD_TITLE, FIELD_TYPE, FIELD_LEVEL, DATA_TYPE, DATA_URL, DATA_URL_FIELD, URL_TYPE, IS_SHOW, IS_URL_PARAM, IS_SUM, IS_NEWLINE, SORT_INDEX, FIELD_LENGTH, DATA_SORT, CREATE_USER, CREATE_DATE, L_OP_DATE, PARENT_ID, FIELD_FORMAT, IS_LOCK)
values ('8F130761AAF84B52BD3352BC015C440D', 'DEBT_BDJH_XZZQ_ZXXM', 'HJ_ACTUAL_AMT', '合计', 'float', null, '1', null, null, 0, 1, 0, 1, 0, 15, 147, null, '21admin', '2020-08-29 17:00:39', '2020-08-29 17:00:39', '36ABE4C83C4D4861825EC4ED45F8E127', null, 0);
insert into dsy_t_query_field (F_ID, Q_ID, FIELD_CODE, FIELD_TITLE, FIELD_TYPE, FIELD_LEVEL, DATA_TYPE, DATA_URL, DATA_URL_FIELD, URL_TYPE, IS_SHOW, IS_URL_PARAM, IS_SUM, IS_NEWLINE, SORT_INDEX, FIELD_LENGTH, DATA_SORT, CREATE_USER, CREATE_DATE, L_OP_DATE, PARENT_ID, FIELD_FORMAT, IS_LOCK)
values ('410B5A16C9F24E9ABB1434933DFF5BEA', 'DEBT_BDJH_XZZQ_ZXXM', 'CZYS_ACTUAL_AMT', '财政资金投资（含预算内基建投资，不含政府债务资金）', 'float', null, '1', null, null, 0, 1, 0, 1, 0, 16, 202, null, '21admin', '2020-08-29 17:00:39', '2020-08-29 17:00:39', '36ABE4C83C4D4861825EC4ED45F8E127', null, 0);
insert into dsy_t_query_field (F_ID, Q_ID, FIELD_CODE, FIELD_TITLE, FIELD_TYPE, FIELD_LEVEL, DATA_TYPE, DATA_URL, DATA_URL_FIELD, URL_TYPE, IS_SHOW, IS_URL_PARAM, IS_SUM, IS_NEWLINE, SORT_INDEX, FIELD_LENGTH, DATA_SORT, CREATE_USER, CREATE_DATE, L_OP_DATE, PARENT_ID, FIELD_FORMAT, IS_LOCK)
values ('3D6689667CC04A98A2AC3689824B5F9E', 'DEBT_BDJH_XZZQ_ZXXM', 'ZWZJ_ACTUAL_AMT', '政府债务资金', 'float', null, '1', null, null, 0, 1, 0, 1, 0, 17, 147, null, '21admin', '2020-08-29 17:00:39', '2020-08-29 17:00:39', '36ABE4C83C4D4861825EC4ED45F8E127', null, 0);
insert into dsy_t_query_field (F_ID, Q_ID, FIELD_CODE, FIELD_TITLE, FIELD_TYPE, FIELD_LEVEL, DATA_TYPE, DATA_URL, DATA_URL_FIELD, URL_TYPE, IS_SHOW, IS_URL_PARAM, IS_SUM, IS_NEWLINE, SORT_INDEX, FIELD_LENGTH, DATA_SORT, CREATE_USER, CREATE_DATE, L_OP_DATE, PARENT_ID, FIELD_FORMAT, IS_LOCK)
values ('DCEE99A11F5E4516BFC5D137A70A8CCE', 'DEBT_BDJH_XZZQ_ZXXM', null, '(三)${SET_YEAR}年拟投资规模', null, null, '0', null, null, 0, 1, 0, 0, 0, 15, 496, null, '21admin', '2020-08-29 17:00:39', '2020-08-29 17:00:39', '2A9404804DB44F21AA20E09582143227', null, 0);
insert into dsy_t_query_field (F_ID, Q_ID, FIELD_CODE, FIELD_TITLE, FIELD_TYPE, FIELD_LEVEL, DATA_TYPE, DATA_URL, DATA_URL_FIELD, URL_TYPE, IS_SHOW, IS_URL_PARAM, IS_SUM, IS_NEWLINE, SORT_INDEX, FIELD_LENGTH, DATA_SORT, CREATE_USER, CREATE_DATE, L_OP_DATE, PARENT_ID, FIELD_FORMAT, IS_LOCK)
values ('83450B60128A49CBA13506755ADEA14E', 'DEBT_BDJH_XZZQ_ZXXM', 'BNHJ_PLAN_AMT', '合计', 'float', null, '1', null, null, 0, 1, 0, 1, 0, 16, 147, null, '21admin', '2020-08-29 17:00:39', '2020-08-29 17:00:39', 'DCEE99A11F5E4516BFC5D137A70A8CCE', null, 0);
insert into dsy_t_query_field (F_ID, Q_ID, FIELD_CODE, FIELD_TITLE, FIELD_TYPE, FIELD_LEVEL, DATA_TYPE, DATA_URL, DATA_URL_FIELD, URL_TYPE, IS_SHOW, IS_URL_PARAM, IS_SUM, IS_NEWLINE, SORT_INDEX, FIELD_LENGTH, DATA_SORT, CREATE_USER, CREATE_DATE, L_OP_DATE, PARENT_ID, FIELD_FORMAT, IS_LOCK)
values ('38E93EB24DF44119A7125AE2E0264F63', 'DEBT_BDJH_XZZQ_ZXXM', 'BNCZYS_PLAN_AMT', '财政资金投资（含预算内基建投资，不含政府债务资金）', 'float', null, '1', null, null, 0, 1, 0, 1, 0, 17, 202, null, '21admin', '2020-08-29 17:00:39', '2020-08-29 17:00:39', 'DCEE99A11F5E4516BFC5D137A70A8CCE', null, 0);
insert into dsy_t_query_field (F_ID, Q_ID, FIELD_CODE, FIELD_TITLE, FIELD_TYPE, FIELD_LEVEL, DATA_TYPE, DATA_URL, DATA_URL_FIELD, URL_TYPE, IS_SHOW, IS_URL_PARAM, IS_SUM, IS_NEWLINE, SORT_INDEX, FIELD_LENGTH, DATA_SORT, CREATE_USER, CREATE_DATE, L_OP_DATE, PARENT_ID, FIELD_FORMAT, IS_LOCK)
values ('111532CBE09D4D9AB8B2DE0F45474E46', 'DEBT_BDJH_XZZQ_ZXXM', 'BNZWZJ_PLAN_AMT', '政府债务资金', 'float', null, '1', null, null, 0, 1, 0, 1, 0, 18, 147, null, '21admin', '2020-08-29 17:00:39', '2020-08-29 17:00:39', 'DCEE99A11F5E4516BFC5D137A70A8CCE', null, 0);
insert into dsy_t_query_field (F_ID, Q_ID, FIELD_CODE, FIELD_TITLE, FIELD_TYPE, FIELD_LEVEL, DATA_TYPE, DATA_URL, DATA_URL_FIELD, URL_TYPE, IS_SHOW, IS_URL_PARAM, IS_SUM, IS_NEWLINE, SORT_INDEX, FIELD_LENGTH, DATA_SORT, CREATE_USER, CREATE_DATE, L_OP_DATE, PARENT_ID, FIELD_FORMAT, IS_LOCK)
values ('1C75103D003A4C5A8946722E35260306', 'DEBT_BDJH_XZZQ_ZXXM', null, '${SET_YEAR}年新增专项债券需求规模', null, null, '0', null, null, 0, 1, 0, 0, 0, 16, 376, null, '21admin', '2020-08-29 17:00:39', '2020-08-29 17:00:39', '2A9404804DB44F21AA20E09582143227', null, 0);
insert into dsy_t_query_field (F_ID, Q_ID, FIELD_CODE, FIELD_TITLE, FIELD_TYPE, FIELD_LEVEL, DATA_TYPE, DATA_URL, DATA_URL_FIELD, URL_TYPE, IS_SHOW, IS_URL_PARAM, IS_SUM, IS_NEWLINE, SORT_INDEX, FIELD_LENGTH, DATA_SORT, CREATE_USER, CREATE_DATE, L_OP_DATE, PARENT_ID, FIELD_FORMAT, IS_LOCK)
values ('323659416E314B89932DD30D22AF801A', 'DEBT_BDJH_XZZQ_ZXXM', 'APPLY_AMOUNT', '合计', 'float', null, '1', null, null, 0, 1, 0, 1, 0, 17, 147, null, '21admin', '2020-08-29 17:00:39', '2020-08-29 17:00:39', '1C75103D003A4C5A8946722E35260306', null, 0);
insert into dsy_t_query_field (F_ID, Q_ID, FIELD_CODE, FIELD_TITLE, FIELD_TYPE, FIELD_LEVEL, DATA_TYPE, DATA_URL, DATA_URL_FIELD, URL_TYPE, IS_SHOW, IS_URL_PARAM, IS_SUM, IS_NEWLINE, SORT_INDEX, FIELD_LENGTH, DATA_SORT, CREATE_USER, CREATE_DATE, L_OP_DATE, PARENT_ID, FIELD_FORMAT, IS_LOCK)
values ('8297E98C05D24BC395758FC00213839D', 'DEBT_BDJH_XZZQ_ZXXM', 'ZBJ_AMT', '其中用作资本金需求', 'float', null, '1', null, null, 0, 1, 0, 1, 0, 18, 229, null, '21admin', '2020-08-29 17:00:39', '2020-08-29 17:00:39', '1C75103D003A4C5A8946722E35260306', null, 0);
insert into dsy_t_query_field (F_ID, Q_ID, FIELD_CODE, FIELD_TITLE, FIELD_TYPE, FIELD_LEVEL, DATA_TYPE, DATA_URL, DATA_URL_FIELD, URL_TYPE, IS_SHOW, IS_URL_PARAM, IS_SUM, IS_NEWLINE, SORT_INDEX, FIELD_LENGTH, DATA_SORT, CREATE_USER, CREATE_DATE, L_OP_DATE, PARENT_ID, FIELD_FORMAT, IS_LOCK)
values ('B6FB916C3124432BA2A36E2BA277796D', 'DEBT_BDJH_XZZQ_ZXXM', 'ZQQX_NAME', '拟发债期限', 'string', null, '0', null, null, 0, 1, 0, 0, 0, 17, 85, null, '21admin', '2020-08-29 17:00:39', '2020-08-29 17:00:39', '2A9404804DB44F21AA20E09582143227', null, 0);
insert into dsy_t_query_field (F_ID, Q_ID, FIELD_CODE, FIELD_TITLE, FIELD_TYPE, FIELD_LEVEL, DATA_TYPE, DATA_URL, DATA_URL_FIELD, URL_TYPE, IS_SHOW, IS_URL_PARAM, IS_SUM, IS_NEWLINE, SORT_INDEX, FIELD_LENGTH, DATA_SORT, CREATE_USER, CREATE_DATE, L_OP_DATE, PARENT_ID, FIELD_FORMAT, IS_LOCK)
values ('D3C53907288A4F3C82BEB4A0DD875E10', 'DEBT_BDJH_XZZQ_ZXXM', null, '项目预计累计收益', null, null, '0', null, null, 0, 1, 0, 0, 0, 18, 605, null, '21admin', '2020-08-29 17:00:39', '2020-08-29 17:00:39', '2A9404804DB44F21AA20E09582143227', null, 0);
insert into dsy_t_query_field (F_ID, Q_ID, FIELD_CODE, FIELD_TITLE, FIELD_TYPE, FIELD_LEVEL, DATA_TYPE, DATA_URL, DATA_URL_FIELD, URL_TYPE, IS_SHOW, IS_URL_PARAM, IS_SUM, IS_NEWLINE, SORT_INDEX, FIELD_LENGTH, DATA_SORT, CREATE_USER, CREATE_DATE, L_OP_DATE, PARENT_ID, FIELD_FORMAT, IS_LOCK)
values ('8DF398A0D0F24BABB65C170EF5AF14F2', 'DEBT_BDJH_XZZQ_ZXXM', 'XMZSY', '合计', 'float', null, '1', null, null, 0, 1, 0, 1, 0, 19, 229, null, '21admin', '2020-08-29 17:00:39', '2020-08-29 17:00:39', 'D3C53907288A4F3C82BEB4A0DD875E10', null, 0);
insert into dsy_t_query_field (F_ID, Q_ID, FIELD_CODE, FIELD_TITLE, FIELD_TYPE, FIELD_LEVEL, DATA_TYPE, DATA_URL, DATA_URL_FIELD, URL_TYPE, IS_SHOW, IS_URL_PARAM, IS_SUM, IS_NEWLINE, SORT_INDEX, FIELD_LENGTH, DATA_SORT, CREATE_USER, CREATE_DATE, L_OP_DATE, PARENT_ID, FIELD_FORMAT, IS_LOCK)
values ('495AB796CFC14A8D967F22B169C41FF2', 'DEBT_BDJH_XZZQ_ZXXM', 'ZFXJJ_AMT', '项目对应的政府性基金收入', 'float', null, '1', null, null, 0, 1, 0, 1, 0, 20, 229, null, '21admin', '2020-08-29 17:00:39', '2020-08-29 17:00:39', 'D3C53907288A4F3C82BEB4A0DD875E10', null, 0);
insert into dsy_t_query_field (F_ID, Q_ID, FIELD_CODE, FIELD_TITLE, FIELD_TYPE, FIELD_LEVEL, DATA_TYPE, DATA_URL, DATA_URL_FIELD, URL_TYPE, IS_SHOW, IS_URL_PARAM, IS_SUM, IS_NEWLINE, SORT_INDEX, FIELD_LENGTH, DATA_SORT, CREATE_USER, CREATE_DATE, L_OP_DATE, PARENT_ID, FIELD_FORMAT, IS_LOCK)
values ('9EA4C594BD474B20A079BF64B55FEB67', 'DEBT_BDJH_XZZQ_ZXXM', 'XMZXSR_AMT', '项目专项收入（不含已纳入政府性基金预算的收入）', 'float', null, '1', null, null, 0, 1, 0, 1, 0, 21, 147, null, '21admin', '2020-08-29 17:00:39', '2020-08-29 17:00:39', 'D3C53907288A4F3C82BEB4A0DD875E10', null, 0);
insert into dsy_t_query_field (F_ID, Q_ID, FIELD_CODE, FIELD_TITLE, FIELD_TYPE, FIELD_LEVEL, DATA_TYPE, DATA_URL, DATA_URL_FIELD, URL_TYPE, IS_SHOW, IS_URL_PARAM, IS_SUM, IS_NEWLINE, SORT_INDEX, FIELD_LENGTH, DATA_SORT, CREATE_USER, CREATE_DATE, L_OP_DATE, PARENT_ID, FIELD_FORMAT, IS_LOCK)
values ('80851CDDC64F49A4AB6993E070C88779', 'DEBT_BDJH_XZZQ_ZXXM', 'ZCYZ_AMT', '资产原值', 'float', null, '1', null, null, 0, 1, 0, 1, 0, 14, 179, null, '21admin', '2020-08-29 17:00:39', '2020-08-29 17:00:39', '87B8D6EB00A248AC9E13280B669528A8', null, 0);
insert into dsy_t_query_field (F_ID, Q_ID, FIELD_CODE, FIELD_TITLE, FIELD_TYPE, FIELD_LEVEL, DATA_TYPE, DATA_URL, DATA_URL_FIELD, URL_TYPE, IS_SHOW, IS_URL_PARAM, IS_SUM, IS_NEWLINE, SORT_INDEX, FIELD_LENGTH, DATA_SORT, CREATE_USER, CREATE_DATE, L_OP_DATE, PARENT_ID, FIELD_FORMAT, IS_LOCK)
values ('87B8D6EB00A248AC9E13280B669528A8', 'DEBT_BDJH_XZZQ_ZXXM', null, '资产情况（新建项目不填列）', null, null, '0', null, null, 0, 1, 0, 0, 0, 13, 1074, null, '21admin', '2020-08-29 17:00:39', '2020-08-29 17:00:39', null, null, 0);
insert into dsy_t_query_field (F_ID, Q_ID, FIELD_CODE, FIELD_TITLE, FIELD_TYPE, FIELD_LEVEL, DATA_TYPE, DATA_URL, DATA_URL_FIELD, URL_TYPE, IS_SHOW, IS_URL_PARAM, IS_SUM, IS_NEWLINE, SORT_INDEX, FIELD_LENGTH, DATA_SORT, CREATE_USER, CREATE_DATE, L_OP_DATE, PARENT_ID, FIELD_FORMAT, IS_LOCK)
values ('65C3CEAFF7314483A05C6C4541E15401', 'DEBT_BDJH_XZZQ_ZXXM', 'ZCJZ_AMT', '资产净值', 'float', null, '1', null, null, 0, 1, 0, 1, 0, 15, 179, null, '21admin', '2020-08-29 17:00:40', '2020-08-29 17:00:40', '87B8D6EB00A248AC9E13280B669528A8', null, 0);
insert into dsy_t_query_field (F_ID, Q_ID, FIELD_CODE, FIELD_TITLE, FIELD_TYPE, FIELD_LEVEL, DATA_TYPE, DATA_URL, DATA_URL_FIELD, URL_TYPE, IS_SHOW, IS_URL_PARAM, IS_SUM, IS_NEWLINE, SORT_INDEX, FIELD_LENGTH, DATA_SORT, CREATE_USER, CREATE_DATE, L_OP_DATE, PARENT_ID, FIELD_FORMAT, IS_LOCK)
values ('5CE770F6D0F241C3AC90262246920819', 'DEBT_BDJH_XZZQ_ZXXM', 'LJSY_AMT', '2019年资产运营收益', 'float', null, '1', null, null, 0, 1, 0, 1, 0, 16, 179, null, '21admin', '2020-08-29 17:00:40', '2020-08-29 17:00:40', '87B8D6EB00A248AC9E13280B669528A8', null, 0);
insert into dsy_t_query_field (F_ID, Q_ID, FIELD_CODE, FIELD_TITLE, FIELD_TYPE, FIELD_LEVEL, DATA_TYPE, DATA_URL, DATA_URL_FIELD, URL_TYPE, IS_SHOW, IS_URL_PARAM, IS_SUM, IS_NEWLINE, SORT_INDEX, FIELD_LENGTH, DATA_SORT, CREATE_USER, CREATE_DATE, L_OP_DATE, PARENT_ID, FIELD_FORMAT, IS_LOCK)
values ('B6410B73A13641ABA5F7390CE2C0ADD2', 'DEBT_BDJH_XZZQ_ZXXM', 'CZSR_AMT', '2019年资产处置收入', 'float', null, '1', null, null, 0, 1, 0, 1, 0, 17, 179, null, '21admin', '2020-08-29 17:00:40', '2020-08-29 17:00:40', '87B8D6EB00A248AC9E13280B669528A8', null, 0);
insert into dsy_t_query_field (F_ID, Q_ID, FIELD_CODE, FIELD_TITLE, FIELD_TYPE, FIELD_LEVEL, DATA_TYPE, DATA_URL, DATA_URL_FIELD, URL_TYPE, IS_SHOW, IS_URL_PARAM, IS_SUM, IS_NEWLINE, SORT_INDEX, FIELD_LENGTH, DATA_SORT, CREATE_USER, CREATE_DATE, L_OP_DATE, PARENT_ID, FIELD_FORMAT, IS_LOCK)
values ('7D890C58A052425CA466C36CFA936E27', 'DEBT_BDJH_XZZQ_ZXXM', 'DYDB_AMT', '资产抵押质押担保金额', 'float', null, '1', null, null, 0, 1, 0, 1, 0, 18, 179, null, '21admin', '2020-08-29 17:00:40', '2020-08-29 17:00:40', '87B8D6EB00A248AC9E13280B669528A8', null, 0);
insert into dsy_t_query_field (F_ID, Q_ID, FIELD_CODE, FIELD_TITLE, FIELD_TYPE, FIELD_LEVEL, DATA_TYPE, DATA_URL, DATA_URL_FIELD, URL_TYPE, IS_SHOW, IS_URL_PARAM, IS_SUM, IS_NEWLINE, SORT_INDEX, FIELD_LENGTH, DATA_SORT, CREATE_USER, CREATE_DATE, L_OP_DATE, PARENT_ID, FIELD_FORMAT, IS_LOCK)
values ('777EE5D12D37413B910C94ABD76D00F0', 'DEBT_BDJH_XZZQ_ZXXM', 'REMARK1', '备注', 'string', null, '0', null, null, 0, 1, 0, 0, 0, 19, 179, null, '21admin', '2020-08-29 17:00:40', '2020-08-29 17:00:40', '87B8D6EB00A248AC9E13280B669528A8', null, 0);
insert into dsy_t_query_field (F_ID, Q_ID, FIELD_CODE, FIELD_TITLE, FIELD_TYPE, FIELD_LEVEL, DATA_TYPE, DATA_URL, DATA_URL_FIELD, URL_TYPE, IS_SHOW, IS_URL_PARAM, IS_SUM, IS_NEWLINE, SORT_INDEX, FIELD_LENGTH, DATA_SORT, CREATE_USER, CREATE_DATE, L_OP_DATE, PARENT_ID, FIELD_FORMAT, IS_LOCK)
values ('3710553655DD450A8C92016D862F0E73', 'DEBT_BDJH_XZZQ_ZXXM', 'REMARK2', '备注', 'string', null, '0', null, null, 0, 1, 0, 0, 0, 14, 179, null, '21admin', '2020-08-29 17:00:40', '2020-08-29 17:00:40', null, null, 0);
insert into dsy_t_query_field (F_ID, Q_ID, FIELD_CODE, FIELD_TITLE, FIELD_TYPE, FIELD_LEVEL, DATA_TYPE, DATA_URL, DATA_URL_FIELD, URL_TYPE, IS_SHOW, IS_URL_PARAM, IS_SUM, IS_NEWLINE, SORT_INDEX, FIELD_LENGTH, DATA_SORT, CREATE_USER, CREATE_DATE, L_OP_DATE, PARENT_ID, FIELD_FORMAT, IS_LOCK)
values ('BAD0F6A3A4E841C7B44CB5BD98EFEED5', 'DEBT_BDJH_XZZQ_ZXXM', 'CZB_STATUS', '财政部审核状态', 'string', null, '0', null, null, 0, 1, 0, 0, 0, 15, 159, null, '21admin', '2020-08-29 17:00:40', '2020-08-29 17:00:40', null, null, 0);
insert into dsy_t_query_field (F_ID, Q_ID, FIELD_CODE, FIELD_TITLE, FIELD_TYPE, FIELD_LEVEL, DATA_TYPE, DATA_URL, DATA_URL_FIELD, URL_TYPE, IS_SHOW, IS_URL_PARAM, IS_SUM, IS_NEWLINE, SORT_INDEX, FIELD_LENGTH, DATA_SORT, CREATE_USER, CREATE_DATE, L_OP_DATE, PARENT_ID, FIELD_FORMAT, IS_LOCK)
values ('BE3D4E49F351478B8341CEA9B1EA10EA', 'DEBT_BDJH_XZZQ_ZXXM', 'FGW_STATUS', '发改委审核状态', 'string', null, '0', null, null, 0, 1, 0, 0, 0, 16, 126, null, '21admin', '2020-08-29 17:00:40', '2020-08-29 17:00:40', null, null, 0);
insert into dsy_t_query_field (F_ID, Q_ID, FIELD_CODE, FIELD_TITLE, FIELD_TYPE, FIELD_LEVEL, DATA_TYPE, DATA_URL, DATA_URL_FIELD, URL_TYPE, IS_SHOW, IS_URL_PARAM, IS_SUM, IS_NEWLINE, SORT_INDEX, FIELD_LENGTH, DATA_SORT, CREATE_USER, CREATE_DATE, L_OP_DATE, PARENT_ID, FIELD_FORMAT, IS_LOCK)
values ('A0C06B881EA14C70B5601348F6C6326E', 'DEBT_BDJH_XZZQ_ZXXM', 'CHECK_DATE', '审核日期', 'string', null, '0', null, null, 0, 1, 0, 0, 0, 17, 120, null, '21admin', '2020-08-29 17:00:40', '2020-08-29 17:00:40', null, null, 0);
insert into dsy_t_query_field (F_ID, Q_ID, FIELD_CODE, FIELD_TITLE, FIELD_TYPE, FIELD_LEVEL, DATA_TYPE, DATA_URL, DATA_URL_FIELD, URL_TYPE, IS_SHOW, IS_URL_PARAM, IS_SUM, IS_NEWLINE, SORT_INDEX, FIELD_LENGTH, DATA_SORT, CREATE_USER, CREATE_DATE, L_OP_DATE, PARENT_ID, FIELD_FORMAT, IS_LOCK)
values ('AE25522476C540E99493BE4F75FD8D5C', 'DEBT_BDJH_XZZQ_ZXXM', 'CHECK_REMARK', '审核备注', 'string', null, '0', null, null, 0, 1, 0, 0, 0, 18, 137, null, '21admin', '2020-08-29 17:00:40', '2020-08-29 17:00:40', null, null, 0);
-- 再融资报表
DELETE FROM DSY_T_QUERY T WHERE 1=1 AND T.Q_ID = 'DEBT_BDJH_ZRZYB_XQMX';
insert into DSY_T_QUERY (Q_ID, Q_CODE, Q_TITLE, Q_TABLE, Q_SQL, MONEY_UNIT, Q_IS_RIGHT, Q_IS_PAGE, Q_IS_SUM, Q_IS_OPENRUN, Q_IS_BUTTON, Q_REMARK, CREATE_USER, CREATE_DATE, L_OP_DATE, Q_IS_TITLE, PARENT_ID, CSS_URL, JS_URL, PRINT_CONFIG, COLUMN_CONFIG, RIGHT_LEVEL, EXPORT_LEVEL, TABLES_ID, SORT_INDEX, TABLES_SHEET_NAME)
values ('DEBT_BDJH_ZRZYB_XQMX', null, '地方政府再融资一般债券需求明细表', 'SELECT DQZQ.AD AD_CODE,
       AD.NAME AD_NAME,
       DQZQ.BILL_YEAR,
       DQZQ.BATCH_NO,
       DQZQ.ZQ_ID,
       ZQ.ZQ_CODE,
       ZQ.ZQ_NAME,
       ZQ.FX_START_DATE FX_DATE,
       ZQQX.NAME ZQQX_NAME,
       FXFS.NAME FXFS_NAME,
       ZQLB.NAME ZQLB_NAME,
       ZQ.FX_AMT ZQ_AMT,
       ZQ.DQDF_DATE,
       ZQ.FX_AMT DQ_AMT,
       DQZQ.SQ_ZRZ_AMT,
       '''' SH_AMT,
       '''' SH_DATE,
       '''' REMARK
 FROM (SELECT SUBSTR(BILL.AD_CODE, 1, 2) AD,
       BILL.BILL_YEAR,
       BILL.BATCH_NO,
       DTL.ZQ_ID,
       SUM(NVL(DTL.APPLY_AMT, 0)) SQ_ZRZ_AMT
  FROM DEBT_T_ZQGL_JXHJ_BILL_DTL DTL
  LEFT JOIN DEBT_T_ZQGL_JXHJ_BILL BILL
    ON BILL.BILL_ID = DTL.BILL_ID
  LEFT JOIN DEBT_T_ZQGL_ZCXX ZCXX ON DTL.ZC_ID = ZCXX.ZC_ID
 WHERE BILL.JHGL_END = ''1''
   AND DTL.SBZT <> ''0''
   AND ZCXX.ZC_TYPE = ''0''
   AND BILL.BOND_TYPE_ID LIKE ''01%''
   AND DTL.DATA_TYPE = ''ZQ''
 GROUP BY SUBSTR(BILL.AD_CODE, 1, 2),
          BILL.BILL_YEAR,
          BILL.BATCH_NO,
          DTL.ZQ_ID) DQZQ
LEFT JOIN DEBT_T_ZQGL_ZQXX ZQ ON DQZQ.ZQ_ID = ZQ.ZQ_ID
LEFT JOIN DSY_V_ELE_ZQQX ZQQX ON ZQ.ZQQX_ID = ZQQX.GUID
LEFT JOIN DSY_V_ELE_FXFS FXFS ON ZQ.FXFS_ID = FXFS.GUID
LEFT JOIN DSY_V_ELE_ZQLB ZQLB ON ZQ.ZQLB_ID = ZQLB.GUID
LEFT JOIN DSY_V_ELE_AD AD ON DQZQ.AD = AD.CODE
WHERE 1=1
UNION ALL
SELECT DQZW.AD AD_CODE,
       AD.NAME AD_NAME,
       DQZW.BILL_YEAR,
       DQZW.BATCH_NO,
       DQZW.ZW_ID ZQ_ID,
       ZW.ZW_CODE ZQ_CODE,
       ZW.ZW_NAME ZQ_NAME,
       ZW.SIGN_DATE FX_DATE,
       TO_CHAR(TRUNC(ZW.ZWQX_ID / 12, 2)) ZQQX_NAME,
       '''' FXFS_NAME,
       ZQLX.NAME ZQLB_NAME,
       JJ.JJ_AMT ZQ_AMT,
       DQZW.DF_END_DATE DQDF_DATE,
       DQZW.DQ_AMT,
       DQZW.SQ_ZRZ_AMT,
       '''' SH_AMT,
       '''' SH_DATE,
       '''' REMARK
 FROM (SELECT SUBSTR(BILL.AD_CODE, 1, 2) AD,
       BILL.BILL_YEAR,
       BILL.BATCH_NO,
       HKJH.ZW_ID,
       DTL.DF_END_DATE,
       SUM(NVL(DTL.PLAN_AMT,0)) DQ_AMT,
       SUM(NVL(DTL.APPLY_AMT, 0)) SQ_ZRZ_AMT
  FROM DEBT_T_ZQGL_JXHJ_BILL_DTL DTL
  LEFT JOIN DEBT_T_ZQGL_JXHJ_BILL BILL
    ON BILL.BILL_ID = DTL.BILL_ID
  LEFT JOIN DEBT_T_ZWGL_HKJH HKJH
    ON HKJH.HKJH_ID = DTL.ZQ_ID
 WHERE BILL.JHGL_END = ''1''
   AND DTL.SBZT <> ''0''
   AND DTL.DATA_TYPE = ''ZW''
   AND BILL.BOND_TYPE_ID LIKE ''01%''
 GROUP BY SUBSTR(BILL.AD_CODE, 1, 2),
          BILL.BILL_YEAR,
          BILL.BATCH_NO,DTL.DF_END_DATE,
          HKJH.ZW_ID) DQZW
LEFT JOIN DEBT_T_ZWGL_ZWXX ZW ON DQZW.ZW_ID = ZW.ZW_ID
LEFT JOIN DSY_V_ELE_ZQLX ZQLX ON ZW.ZQFL_ID = ZQLX.GUID
LEFT JOIN DSY_V_ELE_AD AD ON DQZW.AD = AD.CODE
LEFT JOIN (SELECT SUM(JJXX.FETCH_AMT_RMB) JJ_AMT,ZW_ID FROM DEBT_T_ZWGL_JJXX JJXX GROUP BY ZW_ID) JJ ON JJ.ZW_ID = ZW.ZW_ID
WHERE 1=1', null, 10000, 1, 1, 1, 1, 1, null, '21admin', '2020-08-25 14:42:43', '2020-08-29 16:11:57', 1, '7B2B263AA7624C86992EA189808B9FDB', null, null, null, null, 1, 2, 'DEBT_BDJH_ZRZZQ_XQMX', 1, '地方政府再融资一般债券需求明细表');
DELETE FROM DSY_T_QUERY T WHERE 1=1 AND T.Q_ID = 'DEBT_BDJH_ZRZZX_XQMX';
insert into DSY_T_QUERY (Q_ID, Q_CODE, Q_TITLE, Q_TABLE, Q_SQL, MONEY_UNIT, Q_IS_RIGHT, Q_IS_PAGE, Q_IS_SUM, Q_IS_OPENRUN, Q_IS_BUTTON, Q_REMARK, CREATE_USER, CREATE_DATE, L_OP_DATE, Q_IS_TITLE, PARENT_ID, CSS_URL, JS_URL, PRINT_CONFIG, COLUMN_CONFIG, RIGHT_LEVEL, EXPORT_LEVEL, TABLES_ID, SORT_INDEX, TABLES_SHEET_NAME)
values ('DEBT_BDJH_ZRZZX_XQMX', null, '地方政府再融资专项债券需求明细表', 'SELECT DQZQ.AD AD_CODE,
       AD.NAME AD_NAME,
       DQZQ.BILL_YEAR,
       DQZQ.BATCH_NO,
       DQZQ.ZQ_ID,
       ZQ.ZQ_CODE,
       ZQ.ZQ_NAME,
       ZQ.FX_START_DATE FX_DATE,
       ZQQX.NAME ZQQX_NAME,
       FXFS.NAME FXFS_NAME,
       ZQLB.NAME ZQLB_NAME,
       ZQ.FX_AMT ZQ_AMT,
       ZQ.DQDF_DATE,
       ZQ.FX_AMT DQ_AMT,
       DQZQ.SQ_ZRZ_AMT,
       '''' SH_AMT,
       '''' SH_DATE,
       '''' REMARK
 FROM (SELECT SUBSTR(BILL.AD_CODE, 1, 2) AD,
       BILL.BILL_YEAR,
       BILL.BATCH_NO,
       DTL.ZQ_ID,
       SUM(NVL(DTL.APPLY_AMT, 0)) SQ_ZRZ_AMT
  FROM DEBT_T_ZQGL_JXHJ_BILL_DTL DTL
  LEFT JOIN DEBT_T_ZQGL_JXHJ_BILL BILL
    ON BILL.BILL_ID = DTL.BILL_ID
  LEFT JOIN DEBT_T_ZQGL_ZCXX ZCXX ON DTL.ZC_ID = ZCXX.ZC_ID
 WHERE BILL.JHGL_END = ''1''
   AND DTL.SBZT <> ''0''
   AND ZCXX.ZC_TYPE = ''0''
   AND BILL.BOND_TYPE_ID LIKE ''02%''
   AND DTL.DATA_TYPE = ''ZQ''
 GROUP BY SUBSTR(BILL.AD_CODE, 1, 2),
          BILL.BILL_YEAR,
          BILL.BATCH_NO,
          DTL.ZQ_ID) DQZQ
LEFT JOIN DEBT_T_ZQGL_ZQXX ZQ ON DQZQ.ZQ_ID = ZQ.ZQ_ID
LEFT JOIN DSY_V_ELE_ZQQX ZQQX ON ZQ.ZQQX_ID = ZQQX.GUID
LEFT JOIN DSY_V_ELE_FXFS FXFS ON ZQ.FXFS_ID = FXFS.GUID
LEFT JOIN DSY_V_ELE_ZQLB ZQLB ON ZQ.ZQLB_ID = ZQLB.GUID
LEFT JOIN DSY_V_ELE_AD AD ON DQZQ.AD = AD.CODE
WHERE 1=1', null, 10000, 1, 1, 1, 1, 1, null, '21admin', '2020-08-27 10:52:57', '2020-08-29 16:14:59', 1, '7B2B263AA7624C86992EA189808B9FDB', null, null, null, null, 1, 2, 'DEBT_BDJH_ZRZZQ_XQMX', 2, '地方政府再融资专项债券需求明细表');
--条件
DELETE FROM DSY_T_QUERY_CONDITION WHERE Q_ID = 'DEBT_BDJH_ZRZZQ_XQMX';
insert into DSY_T_QUERY_CONDITION (C_ID, Q_ID, C_CODE, C_FIELD_CODE, C_TITLE, C_DISP_MODE, IS_MUST_INPUT, IS_RIGHT, C_DATA_MODEL, C_DATA_SOURCE, C_DATA_VALUE, C_DATATYPE, QUERY_RELATION, SORT_INDEX, C_WIDTH, C_LABEL_WIDTH, C_TIPS, C_SRC_ID, CREATE_DATE, LAST_OP_DATE, IS_MUL, IS_SHOW, IS_LEAF, IS_ROOT_SHOW)
values ('783CAEA4A66248E29F63E8C94B26E972', 'DEBT_BDJH_ZRZZQ_XQMX', 'SET_YEAR', 'BILL_YEAR', '申报年度', 'combobox', 1, 0, null, 'DSY_V_ELE_ND', '2020', null, '=', 1, null, null, null, null, '2020-08-27 15:05:19', '2020-08-27 15:05:19', 0, 1, 0, 0);
insert into DSY_T_QUERY_CONDITION (C_ID, Q_ID, C_CODE, C_FIELD_CODE, C_TITLE, C_DISP_MODE, IS_MUST_INPUT, IS_RIGHT, C_DATA_MODEL, C_DATA_SOURCE, C_DATA_VALUE, C_DATATYPE, QUERY_RELATION, SORT_INDEX, C_WIDTH, C_LABEL_WIDTH, C_TIPS, C_SRC_ID, CREATE_DATE, LAST_OP_DATE, IS_MUL, IS_SHOW, IS_LEAF, IS_ROOT_SHOW)
values ('78DCDF10DE0D49A7BB92E95ADA068B1B', 'DEBT_BDJH_ZRZZQ_XQMX', 'SBPC', 'BATCH_NO', '申报批次', 'treecombobox', 0, 0, null, 'SELECT * FROM DSY_V_ELE_FXPC WHERE 1=1 AND STATUS = ''1'' AND EXTEND1 LIKE ''03%''  ${IF(LEN(SET_YEAR)==0,""," AND YEAR = ''"+SET_YEAR+"''")}', null, null, 'in', 2, null, null, null, 'BILL_YEAR', '2020-08-27 15:05:19', '2020-08-27 15:05:19', 1, 1, 1, 0);
insert into DSY_T_QUERY_CONDITION (C_ID, Q_ID, C_CODE, C_FIELD_CODE, C_TITLE, C_DISP_MODE, IS_MUST_INPUT, IS_RIGHT, C_DATA_MODEL, C_DATA_SOURCE, C_DATA_VALUE, C_DATATYPE, QUERY_RELATION, SORT_INDEX, C_WIDTH, C_LABEL_WIDTH, C_TIPS, C_SRC_ID, CREATE_DATE, LAST_OP_DATE, IS_MUL, IS_SHOW, IS_LEAF, IS_ROOT_SHOW)
values ('00B2515663A346E4854E7C590AE990DB', 'DEBT_BDJH_ZRZZQ_XQMX', 'AD_CODE', 'AD_CODE', '地区', 'treecombobox', 0, 1, null, 'SELECT CODE,
       NAME,
       LEVELNO,
       ''1'' ISLEAF,
       STATUS,
       YEAR,
       PROVINCE,
       SUPERGUID,
       VERSION,
       ISSTRAIGHTCOUNTY,
       REMARK,
       CREATETIME,
       STARTTIME,
       ENDTIME,
       SRCGUID,
       SRCSCALE,
       DESGUID,
       ADMDIV,
       ALIAS,
       PINYIN,
       FINADMLEVEL,
       GUID,
       DBVERSION,
       TJ_GUID,
       TJ_CODE,
       TJ_NAME,
       BJ_CODE,
       AD_CODE,
       AG_CODE
  FROM DSY_V_ELE_ADMDIV WHERE 1=1 AND LEVELNO = ''2''', null, null, 'in', 3, null, null, null, null, '2020-08-27 15:05:19', '2020-08-27 15:05:19', 1, 1, 1, 0);
-- 字段
DELETE FROM dsy_t_query_field WHERE Q_ID = 'DEBT_BDJH_ZRZYB_XQMX';
insert into dsy_t_query_field (F_ID, Q_ID, FIELD_CODE, FIELD_TITLE, FIELD_TYPE, FIELD_LEVEL, DATA_TYPE, DATA_URL, DATA_URL_FIELD, URL_TYPE, IS_SHOW, IS_URL_PARAM, IS_SUM, IS_NEWLINE, SORT_INDEX, FIELD_LENGTH, DATA_SORT, CREATE_USER, CREATE_DATE, L_OP_DATE, PARENT_ID, FIELD_FORMAT, IS_LOCK)
values ('01D18073AC3C4625BBA23CA538F74071', 'DEBT_BDJH_ZRZYB_XQMX', 'AD_CODE', '区划编码', 'string', null, '0', null, null, 0, 1, 1, 0, 0, 1, 75, null, '21admin', '2020-08-29 16:11:57', '2020-08-29 16:11:57', null, null, 0);
insert into dsy_t_query_field (F_ID, Q_ID, FIELD_CODE, FIELD_TITLE, FIELD_TYPE, FIELD_LEVEL, DATA_TYPE, DATA_URL, DATA_URL_FIELD, URL_TYPE, IS_SHOW, IS_URL_PARAM, IS_SUM, IS_NEWLINE, SORT_INDEX, FIELD_LENGTH, DATA_SORT, CREATE_USER, CREATE_DATE, L_OP_DATE, PARENT_ID, FIELD_FORMAT, IS_LOCK)
values ('A87E1339355A4FE4909DD9368AFAA0F9', 'DEBT_BDJH_ZRZYB_XQMX', 'AD_NAME', '区划名称', 'string', null, '0', null, null, 0, 1, 0, 0, 0, 2, 145, null, '21admin', '2020-08-29 16:11:57', '2020-08-29 16:11:57', null, null, 0);
insert into dsy_t_query_field (F_ID, Q_ID, FIELD_CODE, FIELD_TITLE, FIELD_TYPE, FIELD_LEVEL, DATA_TYPE, DATA_URL, DATA_URL_FIELD, URL_TYPE, IS_SHOW, IS_URL_PARAM, IS_SUM, IS_NEWLINE, SORT_INDEX, FIELD_LENGTH, DATA_SORT, CREATE_USER, CREATE_DATE, L_OP_DATE, PARENT_ID, FIELD_FORMAT, IS_LOCK)
values ('092BA1A388F8414D83E6828AEE4C2EBE', 'DEBT_BDJH_ZRZYB_XQMX', 'BILL_YEAR', '申报年度', 'string', null, '0', null, null, 0, 1, 0, 0, 0, 3, 75, null, '21admin', '2020-08-29 16:11:57', '2020-08-29 16:11:57', null, null, 0);
insert into dsy_t_query_field (F_ID, Q_ID, FIELD_CODE, FIELD_TITLE, FIELD_TYPE, FIELD_LEVEL, DATA_TYPE, DATA_URL, DATA_URL_FIELD, URL_TYPE, IS_SHOW, IS_URL_PARAM, IS_SUM, IS_NEWLINE, SORT_INDEX, FIELD_LENGTH, DATA_SORT, CREATE_USER, CREATE_DATE, L_OP_DATE, PARENT_ID, FIELD_FORMAT, IS_LOCK)
values ('5A8F9EEF4D6A4AEC89930B35B56C2404', 'DEBT_BDJH_ZRZYB_XQMX', 'BATCH_NO', '申报批次', 'string', null, '0', null, null, 0, 1, 0, 0, 0, 4, 183, null, '21admin', '2020-08-29 16:11:57', '2020-08-29 16:11:57', null, null, 0);
insert into dsy_t_query_field (F_ID, Q_ID, FIELD_CODE, FIELD_TITLE, FIELD_TYPE, FIELD_LEVEL, DATA_TYPE, DATA_URL, DATA_URL_FIELD, URL_TYPE, IS_SHOW, IS_URL_PARAM, IS_SUM, IS_NEWLINE, SORT_INDEX, FIELD_LENGTH, DATA_SORT, CREATE_USER, CREATE_DATE, L_OP_DATE, PARENT_ID, FIELD_FORMAT, IS_LOCK)
values ('6721D056C1E84E74B50BEC8D7E0B54F9', 'DEBT_BDJH_ZRZYB_XQMX', 'ZQ_ID', '债券ID', 'string', null, '0', null, null, 0, 1, 1, 0, 0, 5, 128, null, '21admin', '2020-08-29 16:11:57', '2020-08-29 16:11:57', null, null, 0);
insert into dsy_t_query_field (F_ID, Q_ID, FIELD_CODE, FIELD_TITLE, FIELD_TYPE, FIELD_LEVEL, DATA_TYPE, DATA_URL, DATA_URL_FIELD, URL_TYPE, IS_SHOW, IS_URL_PARAM, IS_SUM, IS_NEWLINE, SORT_INDEX, FIELD_LENGTH, DATA_SORT, CREATE_USER, CREATE_DATE, L_OP_DATE, PARENT_ID, FIELD_FORMAT, IS_LOCK)
values ('46FE42DEF18741949C79C17C8C31F185', 'DEBT_BDJH_ZRZYB_XQMX', 'ZQ_NAME', '债券名称', 'string', null, '0', null, null, 0, 1, 0, 0, 0, 7, 250, null, '21admin', '2020-08-29 16:11:57', '2020-08-29 16:11:57', null, null, 0);
insert into dsy_t_query_field (F_ID, Q_ID, FIELD_CODE, FIELD_TITLE, FIELD_TYPE, FIELD_LEVEL, DATA_TYPE, DATA_URL, DATA_URL_FIELD, URL_TYPE, IS_SHOW, IS_URL_PARAM, IS_SUM, IS_NEWLINE, SORT_INDEX, FIELD_LENGTH, DATA_SORT, CREATE_USER, CREATE_DATE, L_OP_DATE, PARENT_ID, FIELD_FORMAT, IS_LOCK)
values ('598A02AD00D5455C89034E5A66364092', 'DEBT_BDJH_ZRZYB_XQMX', 'FX_DATE', '发行日期', 'string', null, '0', null, null, 0, 1, 0, 0, 0, 8, 140, null, '21admin', '2020-08-29 16:11:57', '2020-08-29 16:11:57', null, null, 0);
insert into dsy_t_query_field (F_ID, Q_ID, FIELD_CODE, FIELD_TITLE, FIELD_TYPE, FIELD_LEVEL, DATA_TYPE, DATA_URL, DATA_URL_FIELD, URL_TYPE, IS_SHOW, IS_URL_PARAM, IS_SUM, IS_NEWLINE, SORT_INDEX, FIELD_LENGTH, DATA_SORT, CREATE_USER, CREATE_DATE, L_OP_DATE, PARENT_ID, FIELD_FORMAT, IS_LOCK)
values ('7C5B952EBACC497382564A4D4C02547F', 'DEBT_BDJH_ZRZYB_XQMX', 'ZQQX_NAME', '债券期限', 'string', null, '0', null, null, 0, 1, 0, 0, 0, 9, 75, null, '21admin', '2020-08-29 16:11:57', '2020-08-29 16:11:57', null, null, 0);
insert into dsy_t_query_field (F_ID, Q_ID, FIELD_CODE, FIELD_TITLE, FIELD_TYPE, FIELD_LEVEL, DATA_TYPE, DATA_URL, DATA_URL_FIELD, URL_TYPE, IS_SHOW, IS_URL_PARAM, IS_SUM, IS_NEWLINE, SORT_INDEX, FIELD_LENGTH, DATA_SORT, CREATE_USER, CREATE_DATE, L_OP_DATE, PARENT_ID, FIELD_FORMAT, IS_LOCK)
values ('7331ECE06ADF40AA86501FDCEF9AAFC7', 'DEBT_BDJH_ZRZYB_XQMX', 'FXFS_NAME', '发行方式', 'string', null, '0', null, null, 0, 1, 0, 0, 0, 10, 100, null, '21admin', '2020-08-29 16:11:57', '2020-08-29 16:11:57', null, null, 0);
insert into dsy_t_query_field (F_ID, Q_ID, FIELD_CODE, FIELD_TITLE, FIELD_TYPE, FIELD_LEVEL, DATA_TYPE, DATA_URL, DATA_URL_FIELD, URL_TYPE, IS_SHOW, IS_URL_PARAM, IS_SUM, IS_NEWLINE, SORT_INDEX, FIELD_LENGTH, DATA_SORT, CREATE_USER, CREATE_DATE, L_OP_DATE, PARENT_ID, FIELD_FORMAT, IS_LOCK)
values ('4BC8946AB23E4493BEB629A40EE75078', 'DEBT_BDJH_ZRZYB_XQMX', 'ZQLB_NAME', '债券类型', 'string', null, '0', null, null, 0, 1, 0, 0, 0, 11, 150, null, '21admin', '2020-08-29 16:11:57', '2020-08-29 16:11:57', null, null, 0);
insert into dsy_t_query_field (F_ID, Q_ID, FIELD_CODE, FIELD_TITLE, FIELD_TYPE, FIELD_LEVEL, DATA_TYPE, DATA_URL, DATA_URL_FIELD, URL_TYPE, IS_SHOW, IS_URL_PARAM, IS_SUM, IS_NEWLINE, SORT_INDEX, FIELD_LENGTH, DATA_SORT, CREATE_USER, CREATE_DATE, L_OP_DATE, PARENT_ID, FIELD_FORMAT, IS_LOCK)
values ('5CB765131048411DA0B9AEEDBD42AC85', 'DEBT_BDJH_ZRZYB_XQMX', 'ZQ_AMT', '债券金额', 'float', null, '1', null, null, 0, 1, 0, 1, 0, 12, 137, null, '21admin', '2020-08-29 16:11:57', '2020-08-29 16:11:57', null, null, 0);
insert into dsy_t_query_field (F_ID, Q_ID, FIELD_CODE, FIELD_TITLE, FIELD_TYPE, FIELD_LEVEL, DATA_TYPE, DATA_URL, DATA_URL_FIELD, URL_TYPE, IS_SHOW, IS_URL_PARAM, IS_SUM, IS_NEWLINE, SORT_INDEX, FIELD_LENGTH, DATA_SORT, CREATE_USER, CREATE_DATE, L_OP_DATE, PARENT_ID, FIELD_FORMAT, IS_LOCK)
values ('70024A3570304A128C39F9B2D469B1EB', 'DEBT_BDJH_ZRZYB_XQMX', 'DQDF_DATE', '到期日期', 'string', null, '0', null, null, 0, 1, 0, 0, 0, 13, 154, null, '21admin', '2020-08-29 16:11:57', '2020-08-29 16:11:57', null, null, 0);
insert into dsy_t_query_field (F_ID, Q_ID, FIELD_CODE, FIELD_TITLE, FIELD_TYPE, FIELD_LEVEL, DATA_TYPE, DATA_URL, DATA_URL_FIELD, URL_TYPE, IS_SHOW, IS_URL_PARAM, IS_SUM, IS_NEWLINE, SORT_INDEX, FIELD_LENGTH, DATA_SORT, CREATE_USER, CREATE_DATE, L_OP_DATE, PARENT_ID, FIELD_FORMAT, IS_LOCK)
values ('F053C6352DDA4741A5B44C04E9086DF6', 'DEBT_BDJH_ZRZYB_XQMX', 'DQ_AMT', '到期本金', 'float', null, '1', null, null, 0, 1, 0, 1, 0, 14, 137, null, '21admin', '2020-08-29 16:11:57', '2020-08-29 16:11:57', null, null, 0);
insert into dsy_t_query_field (F_ID, Q_ID, FIELD_CODE, FIELD_TITLE, FIELD_TYPE, FIELD_LEVEL, DATA_TYPE, DATA_URL, DATA_URL_FIELD, URL_TYPE, IS_SHOW, IS_URL_PARAM, IS_SUM, IS_NEWLINE, SORT_INDEX, FIELD_LENGTH, DATA_SORT, CREATE_USER, CREATE_DATE, L_OP_DATE, PARENT_ID, FIELD_FORMAT, IS_LOCK)
values ('1FAD43E067B54222967EED7032F34EF8', 'DEBT_BDJH_ZRZYB_XQMX', 'SQ_ZRZ_AMT', '发行再融资债券需求', 'float', null, '1', null, null, 0, 1, 0, 1, 0, 15, 156, null, '21admin', '2020-08-29 16:11:57', '2020-08-29 16:11:57', null, null, 0);
insert into dsy_t_query_field (F_ID, Q_ID, FIELD_CODE, FIELD_TITLE, FIELD_TYPE, FIELD_LEVEL, DATA_TYPE, DATA_URL, DATA_URL_FIELD, URL_TYPE, IS_SHOW, IS_URL_PARAM, IS_SUM, IS_NEWLINE, SORT_INDEX, FIELD_LENGTH, DATA_SORT, CREATE_USER, CREATE_DATE, L_OP_DATE, PARENT_ID, FIELD_FORMAT, IS_LOCK)
values ('9057EE3057F342CB821E1FE947351492', 'DEBT_BDJH_ZRZYB_XQMX', 'SH_AMT', '审核金额', 'float', null, '1', null, null, 0, 1, 0, 1, 0, 16, 78, null, '21admin', '2020-08-29 16:11:57', '2020-08-29 16:11:57', null, null, 0);
insert into dsy_t_query_field (F_ID, Q_ID, FIELD_CODE, FIELD_TITLE, FIELD_TYPE, FIELD_LEVEL, DATA_TYPE, DATA_URL, DATA_URL_FIELD, URL_TYPE, IS_SHOW, IS_URL_PARAM, IS_SUM, IS_NEWLINE, SORT_INDEX, FIELD_LENGTH, DATA_SORT, CREATE_USER, CREATE_DATE, L_OP_DATE, PARENT_ID, FIELD_FORMAT, IS_LOCK)
values ('9A48765562EB4A10981C18877B9EDAEE', 'DEBT_BDJH_ZRZYB_XQMX', 'SH_DATE', '审核日期', 'string', null, '0', null, null, 0, 1, 0, 0, 0, 17, 78, null, '21admin', '2020-08-29 16:11:57', '2020-08-29 16:11:57', null, null, 0);
insert into dsy_t_query_field (F_ID, Q_ID, FIELD_CODE, FIELD_TITLE, FIELD_TYPE, FIELD_LEVEL, DATA_TYPE, DATA_URL, DATA_URL_FIELD, URL_TYPE, IS_SHOW, IS_URL_PARAM, IS_SUM, IS_NEWLINE, SORT_INDEX, FIELD_LENGTH, DATA_SORT, CREATE_USER, CREATE_DATE, L_OP_DATE, PARENT_ID, FIELD_FORMAT, IS_LOCK)
values ('80D7D28D29A84C7294193D461FE71894', 'DEBT_BDJH_ZRZYB_XQMX', 'REMARK', '备注', 'string', null, '0', null, null, 0, 1, 0, 0, 0, 18, 78, null, '21admin', '2020-08-29 16:11:57', '2020-08-29 16:11:57', null, null, 0);
insert into dsy_t_query_field (F_ID, Q_ID, FIELD_CODE, FIELD_TITLE, FIELD_TYPE, FIELD_LEVEL, DATA_TYPE, DATA_URL, DATA_URL_FIELD, URL_TYPE, IS_SHOW, IS_URL_PARAM, IS_SUM, IS_NEWLINE, SORT_INDEX, FIELD_LENGTH, DATA_SORT, CREATE_USER, CREATE_DATE, L_OP_DATE, PARENT_ID, FIELD_FORMAT, IS_LOCK)
values ('B759DA86C33E4BFDA5174335B21084C2', 'DEBT_BDJH_ZRZYB_XQMX', 'ZQ_CODE', '债券编码', 'string', null, '0', null, null, 0, 1, 0, 0, 0, 6, 190, null, '21admin', '2020-08-29 16:11:57', '2020-08-29 16:11:57', null, null, 0);
--字段
DELETE FROM dsy_t_query_field WHERE q_id = 'DEBT_BDJH_ZRZZX_XQMX';
insert into dsy_t_query_field (F_ID, Q_ID, FIELD_CODE, FIELD_TITLE, FIELD_TYPE, FIELD_LEVEL, DATA_TYPE, DATA_URL, DATA_URL_FIELD, URL_TYPE, IS_SHOW, IS_URL_PARAM, IS_SUM, IS_NEWLINE, SORT_INDEX, FIELD_LENGTH, DATA_SORT, CREATE_USER, CREATE_DATE, L_OP_DATE, PARENT_ID, FIELD_FORMAT, IS_LOCK)
values ('7D2F6315729444D19B6790193F1D0518', 'DEBT_BDJH_ZRZZX_XQMX', 'AD_CODE', '区划编码', 'string', null, '0', null, null, 0, 1, 1, 0, 0, 1, 75, null, '21admin', '2020-08-29 16:14:59', '2020-08-29 16:14:59', null, null, 0);
insert into dsy_t_query_field (F_ID, Q_ID, FIELD_CODE, FIELD_TITLE, FIELD_TYPE, FIELD_LEVEL, DATA_TYPE, DATA_URL, DATA_URL_FIELD, URL_TYPE, IS_SHOW, IS_URL_PARAM, IS_SUM, IS_NEWLINE, SORT_INDEX, FIELD_LENGTH, DATA_SORT, CREATE_USER, CREATE_DATE, L_OP_DATE, PARENT_ID, FIELD_FORMAT, IS_LOCK)
values ('F179F86FB8E74697943B7A4AA9BAF45E', 'DEBT_BDJH_ZRZZX_XQMX', 'AD_NAME', '区划名称', 'string', null, '0', null, null, 0, 1, 0, 0, 0, 2, 145, null, '21admin', '2020-08-29 16:14:59', '2020-08-29 16:14:59', null, null, 0);
insert into dsy_t_query_field (F_ID, Q_ID, FIELD_CODE, FIELD_TITLE, FIELD_TYPE, FIELD_LEVEL, DATA_TYPE, DATA_URL, DATA_URL_FIELD, URL_TYPE, IS_SHOW, IS_URL_PARAM, IS_SUM, IS_NEWLINE, SORT_INDEX, FIELD_LENGTH, DATA_SORT, CREATE_USER, CREATE_DATE, L_OP_DATE, PARENT_ID, FIELD_FORMAT, IS_LOCK)
values ('6483CA2D14CD4364A7F0A99163166F43', 'DEBT_BDJH_ZRZZX_XQMX', 'BILL_YEAR', '申报年度', 'string', null, '0', null, null, 0, 1, 0, 0, 0, 3, 75, null, '21admin', '2020-08-29 16:14:59', '2020-08-29 16:14:59', null, null, 0);
insert into dsy_t_query_field (F_ID, Q_ID, FIELD_CODE, FIELD_TITLE, FIELD_TYPE, FIELD_LEVEL, DATA_TYPE, DATA_URL, DATA_URL_FIELD, URL_TYPE, IS_SHOW, IS_URL_PARAM, IS_SUM, IS_NEWLINE, SORT_INDEX, FIELD_LENGTH, DATA_SORT, CREATE_USER, CREATE_DATE, L_OP_DATE, PARENT_ID, FIELD_FORMAT, IS_LOCK)
values ('A999090603DC4BF78B0A1182A89E4424', 'DEBT_BDJH_ZRZZX_XQMX', 'BATCH_NO', '申报批次', 'string', null, '0', null, null, 0, 1, 0, 0, 0, 4, 160, null, '21admin', '2020-08-29 16:14:59', '2020-08-29 16:14:59', null, null, 0);
insert into dsy_t_query_field (F_ID, Q_ID, FIELD_CODE, FIELD_TITLE, FIELD_TYPE, FIELD_LEVEL, DATA_TYPE, DATA_URL, DATA_URL_FIELD, URL_TYPE, IS_SHOW, IS_URL_PARAM, IS_SUM, IS_NEWLINE, SORT_INDEX, FIELD_LENGTH, DATA_SORT, CREATE_USER, CREATE_DATE, L_OP_DATE, PARENT_ID, FIELD_FORMAT, IS_LOCK)
values ('4233B34A36674F97829BD2456EB94106', 'DEBT_BDJH_ZRZZX_XQMX', 'ZQ_ID', '债券ID', 'string', null, '0', null, null, 0, 1, 1, 0, 0, 5, 100, null, '21admin', '2020-08-29 16:14:59', '2020-08-29 16:14:59', null, null, 0);
insert into dsy_t_query_field (F_ID, Q_ID, FIELD_CODE, FIELD_TITLE, FIELD_TYPE, FIELD_LEVEL, DATA_TYPE, DATA_URL, DATA_URL_FIELD, URL_TYPE, IS_SHOW, IS_URL_PARAM, IS_SUM, IS_NEWLINE, SORT_INDEX, FIELD_LENGTH, DATA_SORT, CREATE_USER, CREATE_DATE, L_OP_DATE, PARENT_ID, FIELD_FORMAT, IS_LOCK)
values ('65DDA0392BC44AC6BB9D29F08B2AFC20', 'DEBT_BDJH_ZRZZX_XQMX', 'ZQ_CODE', '债券编码', 'string', null, '0', null, null, 0, 1, 0, 0, 0, 6, 180, null, '21admin', '2020-08-29 16:14:59', '2020-08-29 16:14:59', null, null, 0);
insert into dsy_t_query_field (F_ID, Q_ID, FIELD_CODE, FIELD_TITLE, FIELD_TYPE, FIELD_LEVEL, DATA_TYPE, DATA_URL, DATA_URL_FIELD, URL_TYPE, IS_SHOW, IS_URL_PARAM, IS_SUM, IS_NEWLINE, SORT_INDEX, FIELD_LENGTH, DATA_SORT, CREATE_USER, CREATE_DATE, L_OP_DATE, PARENT_ID, FIELD_FORMAT, IS_LOCK)
values ('2C76EB52B40C4661A6556286EBA645BE', 'DEBT_BDJH_ZRZZX_XQMX', 'ZQ_NAME', '债券名称', 'string', null, '0', null, null, 0, 1, 0, 0, 0, 7, 250, null, '21admin', '2020-08-29 16:14:59', '2020-08-29 16:14:59', null, null, 0);
insert into dsy_t_query_field (F_ID, Q_ID, FIELD_CODE, FIELD_TITLE, FIELD_TYPE, FIELD_LEVEL, DATA_TYPE, DATA_URL, DATA_URL_FIELD, URL_TYPE, IS_SHOW, IS_URL_PARAM, IS_SUM, IS_NEWLINE, SORT_INDEX, FIELD_LENGTH, DATA_SORT, CREATE_USER, CREATE_DATE, L_OP_DATE, PARENT_ID, FIELD_FORMAT, IS_LOCK)
values ('9D7E061F17B248229470935CCD62165E', 'DEBT_BDJH_ZRZZX_XQMX', 'FX_DATE', '发行日期', 'string', null, '0', null, null, 0, 1, 0, 0, 0, 8, 140, null, '21admin', '2020-08-29 16:14:59', '2020-08-29 16:14:59', null, null, 0);
insert into dsy_t_query_field (F_ID, Q_ID, FIELD_CODE, FIELD_TITLE, FIELD_TYPE, FIELD_LEVEL, DATA_TYPE, DATA_URL, DATA_URL_FIELD, URL_TYPE, IS_SHOW, IS_URL_PARAM, IS_SUM, IS_NEWLINE, SORT_INDEX, FIELD_LENGTH, DATA_SORT, CREATE_USER, CREATE_DATE, L_OP_DATE, PARENT_ID, FIELD_FORMAT, IS_LOCK)
values ('E8DEB2937F154CAA8A38B4339F453198', 'DEBT_BDJH_ZRZZX_XQMX', 'ZQQX_NAME', '债券期限', 'string', null, '0', null, null, 0, 1, 0, 0, 0, 9, 75, null, '21admin', '2020-08-29 16:14:59', '2020-08-29 16:14:59', null, null, 0);
insert into dsy_t_query_field (F_ID, Q_ID, FIELD_CODE, FIELD_TITLE, FIELD_TYPE, FIELD_LEVEL, DATA_TYPE, DATA_URL, DATA_URL_FIELD, URL_TYPE, IS_SHOW, IS_URL_PARAM, IS_SUM, IS_NEWLINE, SORT_INDEX, FIELD_LENGTH, DATA_SORT, CREATE_USER, CREATE_DATE, L_OP_DATE, PARENT_ID, FIELD_FORMAT, IS_LOCK)
values ('EB33221167294B4DA509E9A9DB719BCB', 'DEBT_BDJH_ZRZZX_XQMX', 'FXFS_NAME', '发行方式', 'string', null, '0', null, null, 0, 1, 0, 0, 0, 10, 100, null, '21admin', '2020-08-29 16:14:59', '2020-08-29 16:14:59', null, null, 0);
insert into dsy_t_query_field (F_ID, Q_ID, FIELD_CODE, FIELD_TITLE, FIELD_TYPE, FIELD_LEVEL, DATA_TYPE, DATA_URL, DATA_URL_FIELD, URL_TYPE, IS_SHOW, IS_URL_PARAM, IS_SUM, IS_NEWLINE, SORT_INDEX, FIELD_LENGTH, DATA_SORT, CREATE_USER, CREATE_DATE, L_OP_DATE, PARENT_ID, FIELD_FORMAT, IS_LOCK)
values ('995392C6AECB40C0871610A8DB104EF4', 'DEBT_BDJH_ZRZZX_XQMX', 'ZQLB_NAME', '债券类型', 'string', null, '0', null, null, 0, 1, 0, 0, 0, 11, 163, null, '21admin', '2020-08-29 16:14:59', '2020-08-29 16:14:59', null, null, 0);
insert into dsy_t_query_field (F_ID, Q_ID, FIELD_CODE, FIELD_TITLE, FIELD_TYPE, FIELD_LEVEL, DATA_TYPE, DATA_URL, DATA_URL_FIELD, URL_TYPE, IS_SHOW, IS_URL_PARAM, IS_SUM, IS_NEWLINE, SORT_INDEX, FIELD_LENGTH, DATA_SORT, CREATE_USER, CREATE_DATE, L_OP_DATE, PARENT_ID, FIELD_FORMAT, IS_LOCK)
values ('71650ECCB8CF48CAAAA546E8505E169C', 'DEBT_BDJH_ZRZZX_XQMX', 'ZQ_AMT', '债券金额', 'float', null, '1', null, null, 0, 1, 0, 1, 0, 12, 137, null, '21admin', '2020-08-29 16:14:59', '2020-08-29 16:14:59', null, null, 0);
insert into dsy_t_query_field (F_ID, Q_ID, FIELD_CODE, FIELD_TITLE, FIELD_TYPE, FIELD_LEVEL, DATA_TYPE, DATA_URL, DATA_URL_FIELD, URL_TYPE, IS_SHOW, IS_URL_PARAM, IS_SUM, IS_NEWLINE, SORT_INDEX, FIELD_LENGTH, DATA_SORT, CREATE_USER, CREATE_DATE, L_OP_DATE, PARENT_ID, FIELD_FORMAT, IS_LOCK)
values ('ED2BAD450219497C91133825E73F6763', 'DEBT_BDJH_ZRZZX_XQMX', 'DQDF_DATE', '到期日期', 'string', null, '0', null, null, 0, 1, 0, 0, 0, 13, 154, null, '21admin', '2020-08-29 16:14:59', '2020-08-29 16:14:59', null, null, 0);
insert into dsy_t_query_field (F_ID, Q_ID, FIELD_CODE, FIELD_TITLE, FIELD_TYPE, FIELD_LEVEL, DATA_TYPE, DATA_URL, DATA_URL_FIELD, URL_TYPE, IS_SHOW, IS_URL_PARAM, IS_SUM, IS_NEWLINE, SORT_INDEX, FIELD_LENGTH, DATA_SORT, CREATE_USER, CREATE_DATE, L_OP_DATE, PARENT_ID, FIELD_FORMAT, IS_LOCK)
values ('8F0054C7E30E4F98AADF320DCB4F2B02', 'DEBT_BDJH_ZRZZX_XQMX', 'DQ_AMT', '到期本金', 'float', null, '1', null, null, 0, 1, 0, 1, 0, 14, 137, null, '21admin', '2020-08-29 16:14:59', '2020-08-29 16:14:59', null, null, 0);
insert into dsy_t_query_field (F_ID, Q_ID, FIELD_CODE, FIELD_TITLE, FIELD_TYPE, FIELD_LEVEL, DATA_TYPE, DATA_URL, DATA_URL_FIELD, URL_TYPE, IS_SHOW, IS_URL_PARAM, IS_SUM, IS_NEWLINE, SORT_INDEX, FIELD_LENGTH, DATA_SORT, CREATE_USER, CREATE_DATE, L_OP_DATE, PARENT_ID, FIELD_FORMAT, IS_LOCK)
values ('D79FFF4172664C0EA15F60401D05AB91', 'DEBT_BDJH_ZRZZX_XQMX', 'SQ_ZRZ_AMT', '发行再融资债券需求', 'float', null, '1', null, null, 0, 1, 0, 0, 0, 15, 156, null, '21admin', '2020-08-29 16:14:59', '2020-08-29 16:14:59', null, null, 0);
insert into dsy_t_query_field (F_ID, Q_ID, FIELD_CODE, FIELD_TITLE, FIELD_TYPE, FIELD_LEVEL, DATA_TYPE, DATA_URL, DATA_URL_FIELD, URL_TYPE, IS_SHOW, IS_URL_PARAM, IS_SUM, IS_NEWLINE, SORT_INDEX, FIELD_LENGTH, DATA_SORT, CREATE_USER, CREATE_DATE, L_OP_DATE, PARENT_ID, FIELD_FORMAT, IS_LOCK)
values ('37FEC2D4FF8349F5A0FBFE3348FFDD78', 'DEBT_BDJH_ZRZZX_XQMX', 'SH_AMT', '审核金额', 'string', null, '0', null, null, 0, 1, 0, 0, 0, 16, 78, null, '21admin', '2020-08-29 16:14:59', '2020-08-29 16:14:59', null, null, 0);
insert into dsy_t_query_field (F_ID, Q_ID, FIELD_CODE, FIELD_TITLE, FIELD_TYPE, FIELD_LEVEL, DATA_TYPE, DATA_URL, DATA_URL_FIELD, URL_TYPE, IS_SHOW, IS_URL_PARAM, IS_SUM, IS_NEWLINE, SORT_INDEX, FIELD_LENGTH, DATA_SORT, CREATE_USER, CREATE_DATE, L_OP_DATE, PARENT_ID, FIELD_FORMAT, IS_LOCK)
values ('8920813EE9AD4C1C8B48FEF9F76099DE', 'DEBT_BDJH_ZRZZX_XQMX', 'SH_DATE', '审核日期', 'string', null, '0', null, null, 0, 1, 0, 0, 0, 17, 78, null, '21admin', '2020-08-29 16:14:59', '2020-08-29 16:14:59', null, null, 0);
insert into dsy_t_query_field (F_ID, Q_ID, FIELD_CODE, FIELD_TITLE, FIELD_TYPE, FIELD_LEVEL, DATA_TYPE, DATA_URL, DATA_URL_FIELD, URL_TYPE, IS_SHOW, IS_URL_PARAM, IS_SUM, IS_NEWLINE, SORT_INDEX, FIELD_LENGTH, DATA_SORT, CREATE_USER, CREATE_DATE, L_OP_DATE, PARENT_ID, FIELD_FORMAT, IS_LOCK)
values ('437865DF04AA4CBBBE4A368099413038', 'DEBT_BDJH_ZRZZX_XQMX', 'REMARK', '备注', 'string', null, '0', null, null, 0, 1, 0, 0, 0, 18, 78, null, '21admin', '2020-08-29 16:14:59', '2020-08-29 16:14:59', null, null, 0);
